-- phpMyAdmin SQL Dump
-- version 5.2.1
-- https://www.phpmyadmin.net/
--
-- Host: 127.0.0.1
-- Generation Time: Nov 29, 2025 at 05:02 PM
-- Server version: 8.0.44
-- PHP Version: 8.2.4

SET SQL_MODE = "NO_AUTO_VALUE_ON_ZERO";
START TRANSACTION;
SET time_zone = "+00:00";


/*!40101 SET @OLD_CHARACTER_SET_CLIENT=@@CHARACTER_SET_CLIENT */;
/*!40101 SET @OLD_CHARACTER_SET_RESULTS=@@CHARACTER_SET_RESULTS */;
/*!40101 SET @OLD_COLLATION_CONNECTION=@@COLLATION_CONNECTION */;
/*!40101 SET NAMES utf8mb4 */;

--
-- Database: `91cafepos`
--

-- --------------------------------------------------------

--
-- Table structure for table `appsettings`
--

CREATE TABLE `appsettings` (
  `Key` varchar(50) NOT NULL,
  `Value` text NOT NULL
) ENGINE=InnoDB DEFAULT CHARSET=utf8mb4 COLLATE=utf8mb4_0900_ai_ci;

--
-- Dumping data for table `appsettings`
--

INSERT INTO `appsettings` (`Key`, `Value`) VALUES
('ContactInfo', 'contact@91.cafe'),
('CurrencySymbol', '₱'),
('ShopAddress', '123 Cafe Lane, Food City'),
('ShopName', '91 Cafe'),
('TaxRate', '0');

-- --------------------------------------------------------

--
-- Table structure for table `categories`
--

CREATE TABLE `categories` (
  `CategoryID` int NOT NULL,
  `Name` varchar(100) NOT NULL
) ENGINE=InnoDB DEFAULT CHARSET=utf8mb4 COLLATE=utf8mb4_0900_ai_ci;

--
-- Dumping data for table `categories`
--

INSERT INTO `categories` (`CategoryID`, `Name`) VALUES
(22, 'Add-ons'),
(2, 'Coffee'),
(21, 'Food'),
(7, 'Fruit Tea'),
(1, 'General Supplies'),
(4, 'Milk Tea'),
(3, 'Non-Coffee'),
(23, 'Packaging'),
(9, 'Soda'),
(8, 'Yakult Series');

-- --------------------------------------------------------

--
-- Table structure for table `ingredients`
--

CREATE TABLE `ingredients` (
  `IngredientID` int NOT NULL,
  `Name` varchar(255) NOT NULL,
  `CategoryID` int DEFAULT NULL,
  `CostPrice` decimal(10,2) NOT NULL,
  `CurrentQuantity` decimal(10,2) NOT NULL,
  `Unit` varchar(50) NOT NULL,
  `SupplierID` int DEFAULT NULL,
  `LowStockThreshold` decimal(10,2) DEFAULT '10.00',
  `CreatedAt` timestamp NULL DEFAULT CURRENT_TIMESTAMP
) ENGINE=InnoDB DEFAULT CHARSET=utf8mb4 COLLATE=utf8mb4_0900_ai_ci;

--
-- Dumping data for table `ingredients`
--

INSERT INTO `ingredients` (`IngredientID`, `Name`, `CategoryID`, `CostPrice`, `CurrentQuantity`, `Unit`, `SupplierID`, `LowStockThreshold`, `CreatedAt`) VALUES
(1, 'Espresso Beans (Arabica)', NULL, 0.80, 856.00, 'grams', NULL, 100.00, '2025-11-21 04:07:29'),
(2, 'Whole Milk', NULL, 0.08, 5070.00, 'ml', NULL, 300.00, '2025-11-21 04:07:29'),
(4, 'Vanilla Syrup', NULL, 0.45, 2000.00, 'ml', NULL, 200.00, '2025-11-21 04:07:29'),
(5, 'Caramel Syrup', NULL, 0.50, 1000.00, 'ml', NULL, 200.00, '2025-11-21 04:07:29'),
(6, 'Hazelnut Syrup', NULL, 0.50, 1000.00, 'ml', NULL, 100.00, '2025-11-21 04:07:29'),
(7, 'Fructose', NULL, 0.30, 730.00, 'ml', NULL, 200.00, '2025-11-21 04:07:29'),
(8, 'Matcha Powder', NULL, 0.70, 1000.00, 'g', NULL, 200.00, '2025-11-21 04:07:29'),
(9, 'Dark Choco Powder', NULL, 0.70, 970.00, 'grams', NULL, 100.00, '2025-11-21 04:07:29'),
(10, 'Creamer Powder', NULL, 0.35, 880.00, 'grams', NULL, 50.00, '2025-11-21 04:07:29'),
(11, 'Paper Cup', NULL, 4.00, 94.00, 'pcs', NULL, 20.00, '2025-11-21 04:07:29'),
(12, 'Plastic Cup (22oz)', NULL, 3.50, 83.00, 'pcs', NULL, 10.00, '2025-11-21 04:07:29'),
(13, 'Dome Lid', NULL, 2.00, 95.00, 'pcs', NULL, 20.00, '2025-11-21 04:07:29'),
(14, 'Straw', NULL, 0.50, 182.00, 'pcs', NULL, 30.00, '2025-11-21 04:07:29'),
(15, 'Hotdog', NULL, 10.00, 27.00, 'pcs', NULL, 10.00, '2025-11-21 04:07:29'),
(16, 'Frozen Fries', NULL, 0.10, 1000.00, 'other', NULL, 100.00, '2025-11-21 04:07:29'),
(18, 'Brown Sugar Syrup', NULL, 0.35, 915.00, 'ml', NULL, 500.00, '2025-11-21 04:12:01'),
(19, 'Cheesecake', NULL, 0.90, 965.00, 'ml', NULL, 100.00, '2025-11-21 04:12:01'),
(20, 'Tapioca Pearls', NULL, 0.12, 900.00, 'grams', NULL, 200.00, '2025-11-21 04:12:01'),
(21, 'Yakult', NULL, 12.00, 50.00, 'btl', NULL, 10.00, '2025-11-21 04:13:44'),
(22, 'Fruit Jelly', NULL, 0.00, 500.00, 'grams', NULL, 50.00, '2025-11-21 04:13:44'),
(31, 'Dark Chocolate', NULL, 0.70, 1000.00, 'ml', NULL, 100.00, '2025-11-23 09:17:44'),
(86, 'Plastic Cup (16oz)', 1, 3.00, 93.00, 'pcs', NULL, 20.00, '2025-11-23 14:50:13'),
(87, 'Flat Lid', 1, 1.00, 94.00, 'pcs', NULL, 20.00, '2025-11-23 14:50:13'),
(89, 'Corndog Batter Mix', NULL, 0.50, 840.00, 'grams', NULL, 100.00, '2025-11-23 14:50:13'),
(91, 'Mozzarella Block', NULL, 1.10, 910.00, 'grams', NULL, 100.00, '2025-11-23 14:50:13'),
(92, 'Cheese Powder (Fries)', NULL, 0.00, 200.00, 'grams', NULL, 40.00, '2025-11-23 14:50:13'),
(93, 'BBQ Powder', NULL, 0.00, 200.00, 'grams', NULL, 40.00, '2025-11-23 14:50:13'),
(94, 'Sour Cream Powder', NULL, 0.00, 200.00, 'grams', NULL, 40.00, '2025-11-23 14:50:13'),
(96, 'Black Tea', NULL, 0.10, 930.00, 'ml', NULL, 200.00, '2025-11-23 14:50:13'),
(97, 'Jasmine Green Tea', NULL, 0.15, 1000.00, 'ml', NULL, 200.00, '2025-11-23 14:50:13'),
(98, 'Non-Dairy Creamer', NULL, 0.30, 1000.00, 'grams', NULL, 100.00, '2025-11-23 14:50:13'),
(99, 'Condensed Milk', NULL, 0.20, 1000.00, 'ml', NULL, 100.00, '2025-11-23 14:50:13'),
(100, 'White Chocolate Sauce', 1, 0.60, 1000.00, 'ml', NULL, 200.00, '2025-11-23 14:50:13'),
(101, 'Chocolate Sauce', NULL, 0.50, 990.00, 'ml', NULL, 200.00, '2025-11-23 14:50:13'),
(102, 'French Vanilla Syrup', NULL, 0.50, 1000.00, 'ml', NULL, 200.00, '2025-11-23 14:50:13'),
(103, 'Red Velvet Powder', NULL, 0.90, 1000.00, 'grams', NULL, 200.00, '2025-11-23 14:50:13'),
(104, 'Okinawa Powder', NULL, 0.80, 980.00, 'grams', NULL, 200.00, '2025-11-23 14:50:13'),
(105, 'Wintermelon Syrup', NULL, 0.40, 1000.00, 'ml', NULL, 200.00, '2025-11-23 14:50:13'),
(106, 'Lychee Syrup', NULL, 0.40, 2000.00, 'ml', NULL, 300.00, '2025-11-23 14:50:13'),
(107, 'Mango Syrup', NULL, 0.40, 2000.00, 'ml', NULL, 300.00, '2025-11-23 14:50:13'),
(108, 'Strawberry Syrup', NULL, 0.40, 2000.00, 'ml', NULL, 300.00, '2025-11-23 14:50:13'),
(109, 'Green Apple Syrup', NULL, 0.40, 1000.00, 'ml', NULL, 300.00, '2025-11-23 14:50:13'),
(110, 'Lemon Syrup', NULL, 0.40, 2000.00, 'ml', NULL, 300.00, '2025-11-23 14:50:13'),
(111, 'Sprite', NULL, 0.04, 2000.00, 'ml', NULL, 500.00, '2025-11-23 14:50:13'),
(112, 'Crushed Oreos', 1, 0.40, 1000.00, 'grams', NULL, 200.00, '2025-11-23 14:50:13'),
(113, 'Banana Bread', NULL, 70.00, 6.00, 'pcs', NULL, 0.00, '2025-11-27 09:14:24');

-- --------------------------------------------------------

--
-- Table structure for table `ingredients_backup_selected`
--

CREATE TABLE `ingredients_backup_selected` (
  `IngredientID` int NOT NULL,
  `Name` varchar(255) NOT NULL,
  `CategoryID` int DEFAULT NULL,
  `CostPrice` decimal(10,2) NOT NULL,
  `CurrentQuantity` decimal(10,2) NOT NULL,
  `Unit` varchar(50) NOT NULL,
  `SupplierID` int DEFAULT NULL,
  `LowStockThreshold` decimal(10,2) DEFAULT '10.00',
  `CreatedAt` timestamp NULL DEFAULT CURRENT_TIMESTAMP
) ENGINE=InnoDB DEFAULT CHARSET=utf8mb4 COLLATE=utf8mb4_0900_ai_ci;

--
-- Dumping data for table `ingredients_backup_selected`
--

INSERT INTO `ingredients_backup_selected` (`IngredientID`, `Name`, `CategoryID`, `CostPrice`, `CurrentQuantity`, `Unit`, `SupplierID`, `LowStockThreshold`, `CreatedAt`) VALUES
(1, 'Espresso Beans (Arabica)', NULL, 21.00, 946.00, 'grams', NULL, 100.00, '2025-11-21 04:07:29'),
(2, 'Whole Milk', NULL, 7.00, 2800.00, 'ml', NULL, 300.00, '2025-11-21 04:07:29'),
(4, 'Vanilla Syrup', NULL, 10.00, 2000.00, 'ml', NULL, 200.00, '2025-11-21 04:07:29'),
(5, 'Caramel Syrup', NULL, 0.60, 1000.00, 'ml', NULL, 200.00, '2025-11-21 04:07:29'),
(6, 'Hazelnut Syrup', NULL, 10.00, 1000.00, 'ml', NULL, 100.00, '2025-11-21 04:07:29'),
(7, 'Fructose', NULL, 2.40, 730.00, 'ml', NULL, 200.00, '2025-11-21 04:07:29'),
(8, 'Matcha Powder', NULL, 3.88, 1000.00, 'grams', NULL, 200.00, '2025-11-21 04:07:29'),
(9, 'Dark Choco Powder', NULL, 3.50, 1000.00, 'grams', NULL, 100.00, '2025-11-21 04:07:29'),
(10, 'Creamer Powder', NULL, 1.70, 920.00, 'grams', NULL, 50.00, '2025-11-21 04:07:29'),
(16, 'Frozen Fries', NULL, 0.15, 1000.00, 'grams', NULL, 100.00, '2025-11-21 04:07:29'),
(18, 'Brown Sugar Syrup', NULL, 0.50, 940.00, 'ml', NULL, 500.00, '2025-11-21 04:12:01'),
(19, 'Cheesecake Powder', NULL, 0.60, 980.00, 'ml', NULL, 100.00, '2025-11-21 04:12:01'),
(20, 'Tapioca Pearls', NULL, 0.12, 900.00, 'grams', NULL, 200.00, '2025-11-21 04:12:01'),
(22, 'Fruit Jelly', NULL, 0.20, 500.00, 'grams', NULL, 50.00, '2025-11-21 04:13:44'),
(31, 'Dark Chocolate', NULL, 0.30, 1000.00, 'grams', NULL, 100.00, '2025-11-23 09:17:44'),
(89, 'Corndog Batter Mix', NULL, 0.30, 840.00, 'grams', NULL, 100.00, '2025-11-23 14:50:13'),
(91, 'Mozzarella Block', NULL, 20.00, 910.00, 'grams', NULL, 100.00, '2025-11-23 14:50:13'),
(92, 'Cheese Powder (Fries)', NULL, 0.40, 200.00, 'grams', NULL, 40.00, '2025-11-23 14:50:13'),
(93, 'BBQ Powder', NULL, 0.40, 200.00, 'grams', NULL, 40.00, '2025-11-23 14:50:13'),
(94, 'Sour Cream Powder', NULL, 0.40, 200.00, 'grams', NULL, 40.00, '2025-11-23 14:50:13'),
(96, 'Black Tea', NULL, 5.40, 1000.00, 'ml', NULL, 200.00, '2025-11-23 14:50:13'),
(97, 'Jasmine Green Tea', NULL, 7.50, 1000.00, 'grams', NULL, 200.00, '2025-11-23 14:50:13'),
(98, 'Non-Dairy Creamer', NULL, 1.70, 1000.00, 'grams', NULL, 100.00, '2025-11-23 14:50:13'),
(99, 'Condensed Milk', NULL, 0.35, 1000.00, 'ml', NULL, 100.00, '2025-11-23 14:50:13'),
(100, 'White Chocolate Sauce', 1, 0.70, 1000.00, 'ml', NULL, 200.00, '2025-11-23 14:50:13'),
(101, 'Chocolate Sauce', 1, 0.60, 1000.00, 'ml', NULL, 200.00, '2025-11-23 14:50:13'),
(102, 'French Vanilla Syrup', NULL, 10.00, 1000.00, 'ml', NULL, 200.00, '2025-11-23 14:50:13'),
(103, 'Red Velvet Powder', NULL, 3.50, 1000.00, 'grams', NULL, 200.00, '2025-11-23 14:50:13'),
(104, 'Okinawa Powder', NULL, 3.90, 1000.00, 'grams', NULL, 200.00, '2025-11-23 14:50:13'),
(105, 'Wintermelon Syrup', NULL, 3.44, 1000.00, 'ml', NULL, 200.00, '2025-11-23 14:50:13'),
(106, 'Lychee Syrup', NULL, 2.50, 2000.00, 'ml', NULL, 300.00, '2025-11-23 14:50:13'),
(107, 'Mango Syrup', NULL, 2.50, 2000.00, 'ml', NULL, 300.00, '2025-11-23 14:50:13'),
(108, 'Strawberry Syrup', NULL, 2.50, 2000.00, 'ml', NULL, 300.00, '2025-11-23 14:50:13'),
(109, 'Green Apple Syrup', NULL, 2.50, 1000.00, 'ml', NULL, 300.00, '2025-11-23 14:50:13'),
(110, 'Lemon Syrup', NULL, 2.50, 2000.00, 'ml', NULL, 300.00, '2025-11-23 14:50:13'),
(111, 'Sprite', NULL, 15.00, 2000.00, 'ml', NULL, 500.00, '2025-11-23 14:50:13'),
(112, 'Crushed Oreos', 1, 0.40, 1000.00, 'grams', NULL, 200.00, '2025-11-23 14:50:13');

-- --------------------------------------------------------

--
-- Table structure for table `productingredients`
--

CREATE TABLE `productingredients` (
  `ProductIngredientID` int NOT NULL,
  `ProductID` int NOT NULL,
  `IngredientID` int NOT NULL,
  `QuantityUsed` decimal(10,2) NOT NULL
) ENGINE=InnoDB DEFAULT CHARSET=utf8mb4 COLLATE=utf8mb4_0900_ai_ci;

--
-- Dumping data for table `productingredients`
--

INSERT INTO `productingredients` (`ProductIngredientID`, `ProductID`, `IngredientID`, `QuantityUsed`) VALUES
(6, 6, 2, 200.00),
(7, 6, 1, 18.00),
(10, 7, 2, 200.00),
(11, 7, 1, 18.00),
(14, 8, 2, 200.00),
(18, 19, 2, 200.00),
(19, 19, 1, 18.00),
(22, 20, 2, 200.00),
(23, 20, 1, 18.00),
(26, 23, 2, 200.00),
(27, 23, 1, 18.00),
(39, 24, 1, 18.00),
(41, 25, 11, 1.00),
(42, 25, 9, 30.00),
(44, 25, 1, 18.00),
(50, 7, 11, 1.00),
(72, 28, 14, 1.00),
(73, 28, 12, 1.00),
(74, 28, 9, 40.00),
(75, 28, 2, 200.00),
(76, 36, 14, 1.00),
(78, 36, 9, 20.00),
(79, 36, 2, 100.00),
(80, 37, 14, 1.00),
(81, 37, 12, 1.00),
(88, 44, 14, 1.00),
(92, 45, 19, 20.00),
(93, 45, 14, 1.00),
(94, 45, 12, 1.00),
(97, 46, 19, 20.00),
(98, 46, 14, 1.00),
(102, 47, 19, 20.00),
(103, 47, 14, 1.00),
(104, 47, 12, 1.00),
(106, 47, 7, 10.00),
(107, 48, 19, 20.00),
(108, 48, 14, 1.00),
(109, 48, 12, 1.00),
(110, 48, 10, 20.00),
(112, 49, 19, 20.00),
(113, 49, 14, 1.00),
(114, 49, 12, 1.00),
(115, 49, 10, 20.00),
(117, 50, 19, 20.00),
(118, 50, 14, 1.00),
(120, 50, 10, 20.00),
(122, 51, 19, 20.00),
(123, 51, 14, 1.00),
(125, 51, 10, 20.00),
(127, 52, 19, 20.00),
(128, 52, 14, 1.00),
(130, 52, 10, 20.00),
(132, 53, 19, 20.00),
(133, 53, 14, 1.00),
(134, 53, 12, 1.00),
(135, 53, 10, 20.00),
(137, 54, 19, 20.00),
(138, 54, 14, 1.00),
(139, 54, 12, 1.00),
(140, 54, 10, 20.00),
(142, 55, 19, 20.00),
(143, 55, 14, 1.00),
(144, 55, 12, 1.00),
(145, 55, 10, 20.00),
(147, 56, 19, 20.00),
(148, 56, 14, 1.00),
(150, 56, 10, 20.00),
(152, 57, 19, 20.00),
(153, 57, 14, 1.00),
(154, 57, 12, 1.00),
(155, 57, 10, 20.00),
(157, 58, 19, 20.00),
(158, 58, 14, 1.00),
(162, 59, 19, 20.00),
(163, 59, 14, 1.00),
(164, 59, 12, 1.00),
(167, 60, 19, 20.00),
(168, 60, 14, 1.00),
(170, 60, 10, 20.00),
(172, 61, 19, 20.00),
(173, 61, 14, 1.00),
(174, 61, 12, 1.00),
(175, 61, 10, 20.00),
(177, 62, 19, 20.00),
(178, 62, 14, 1.00),
(180, 62, 10, 20.00),
(182, 63, 19, 20.00),
(183, 63, 14, 1.00),
(184, 63, 12, 1.00),
(185, 63, 10, 20.00),
(215, 10, 7, 20.00),
(222, 40, 7, 20.00),
(223, 41, 7, 20.00),
(228, 32, 10, 20.00),
(229, 33, 10, 20.00),
(230, 34, 10, 20.00),
(231, 35, 10, 20.00),
(233, 39, 10, 20.00),
(234, 40, 10, 20.00),
(235, 41, 10, 20.00),
(236, 42, 10, 20.00),
(237, 43, 10, 20.00),
(239, 10, 12, 1.00),
(241, 33, 12, 1.00),
(242, 34, 12, 1.00),
(243, 35, 12, 1.00),
(245, 39, 12, 1.00),
(247, 41, 12, 1.00),
(248, 42, 12, 1.00),
(249, 43, 12, 1.00),
(251, 10, 14, 1.00),
(252, 32, 14, 1.00),
(253, 33, 14, 1.00),
(254, 34, 14, 1.00),
(255, 35, 14, 1.00),
(257, 39, 14, 1.00),
(258, 40, 14, 1.00),
(259, 41, 14, 1.00),
(260, 42, 14, 1.00),
(261, 43, 14, 1.00),
(278, 1, 15, 1.00),
(287, 73, 12, 1.00),
(289, 71, 12, 1.00),
(291, 69, 12, 1.00),
(292, 68, 12, 1.00),
(293, 67, 12, 1.00),
(295, 65, 12, 1.00),
(297, 73, 14, 1.00),
(299, 71, 14, 1.00),
(300, 70, 14, 1.00),
(301, 69, 14, 1.00),
(303, 67, 14, 1.00),
(304, 66, 14, 1.00),
(305, 65, 14, 1.00),
(306, 64, 14, 1.00),
(318, 91, 12, 1.00),
(320, 89, 12, 1.00),
(322, 87, 12, 1.00),
(324, 85, 12, 1.00),
(326, 91, 14, 1.00),
(327, 90, 14, 1.00),
(328, 89, 14, 1.00),
(329, 88, 14, 1.00),
(330, 87, 14, 1.00),
(331, 86, 14, 1.00),
(332, 85, 14, 1.00),
(349, 83, 12, 1.00),
(351, 81, 12, 1.00),
(353, 79, 12, 1.00),
(355, 77, 12, 1.00),
(357, 75, 12, 1.00),
(359, 83, 14, 1.00),
(360, 82, 14, 1.00),
(361, 81, 14, 1.00),
(362, 80, 14, 1.00),
(363, 79, 14, 1.00),
(364, 78, 14, 1.00),
(365, 77, 14, 1.00),
(366, 76, 14, 1.00),
(367, 75, 14, 1.00),
(368, 74, 14, 1.00),
(369, 83, 21, 1.00),
(370, 82, 21, 1.00),
(371, 81, 21, 1.00),
(372, 80, 21, 1.00),
(373, 79, 21, 1.00),
(374, 78, 21, 1.00),
(375, 77, 21, 1.00),
(376, 76, 21, 1.00),
(377, 75, 21, 1.00),
(380, 2, 15, 1.00),
(381, 22, 1, 18.00),
(382, 22, 2, 200.00),
(390, 21, 2, 200.00),
(391, 21, 1, 18.00),
(395, 27, 14, 1.00),
(396, 27, 12, 1.00),
(397, 27, 2, 250.00),
(423, 5, 1, 18.00),
(426, 19, 99, 30.00),
(434, 21, 102, 30.00),
(450, 64, 97, 150.00),
(451, 64, 106, 40.00),
(453, 64, 86, 1.00),
(455, 74, 110, 30.00),
(456, 74, 86, 1.00),
(504, 38, 86, 1.00),
(509, 74, 21, 1.00),
(514, 84, 86, 1.00),
(517, 2, 16, 20.00),
(520, 3, 15, 0.50),
(521, 3, 89, 20.00),
(522, 3, 91, 20.00),
(523, 4, 15, 0.50),
(524, 4, 91, 20.00),
(527, 7, 4, 20.00),
(532, 2, 89, 30.00),
(533, 4, 89, 30.00),
(534, 68, 108, 20.00),
(535, 68, 96, 200.00),
(537, 96, 113, 1.00),
(538, 25, 2, 80.00),
(540, 70, 96, 200.00),
(541, 70, 109, 20.00),
(543, 70, 87, 1.00),
(544, 70, 86, 1.00),
(546, 5, 86, 1.00),
(550, 28, 13, 1.00),
(551, 22, 86, 1.00),
(553, 10, 10, 20.00),
(554, 15, 91, 30.00),
(555, 15, 89, 30.00),
(556, 1, 89, 30.00),
(558, 71, 97, 200.00),
(559, 71, 109, 25.00),
(560, 71, 7, 25.00),
(561, 70, 7, 20.00),
(562, 71, 87, 1.00),
(563, 73, 110, 25.00),
(564, 73, 7, 25.00),
(565, 73, 96, 250.00),
(566, 73, 87, 1.00),
(567, 72, 86, 1.00),
(568, 72, 96, 200.00),
(570, 72, 7, 20.00),
(571, 72, 110, 20.00),
(572, 72, 87, 1.00),
(573, 72, 14, 1.00),
(574, 65, 106, 25.00),
(576, 65, 7, 25.00),
(577, 65, 87, 1.00),
(578, 65, 97, 200.00),
(579, 64, 87, 1.00),
(580, 67, 96, 250.00),
(581, 67, 107, 25.00),
(582, 67, 7, 25.00),
(583, 67, 87, 1.00),
(584, 66, 86, 1.00),
(585, 66, 87, 1.00),
(586, 66, 96, 200.00),
(587, 66, 7, 20.00),
(588, 66, 107, 20.00),
(589, 69, 108, 25.00),
(590, 69, 97, 150.00),
(591, 69, 87, 1.00),
(592, 69, 7, 25.00),
(593, 68, 87, 1.00),
(594, 68, 7, 20.00),
(595, 68, 14, 1.00),
(596, 97, 18, 25.00),
(597, 97, 2, 200.00),
(598, 97, 86, 1.00),
(599, 97, 87, 1.00),
(602, 83, 13, 1.00),
(603, 83, 109, 40.00),
(604, 82, 86, 1.00),
(605, 82, 109, 20.00),
(606, 82, 13, 1.00),
(607, 5, 87, 1.00),
(608, 25, 101, 10.00),
(609, 25, 87, 1.00),
(610, 6, 87, 1.00),
(611, 22, 87, 1.00),
(612, 25, 86, 1.00),
(613, 6, 86, 1.00),
(615, 23, 5, 25.00),
(616, 23, 86, 1.00),
(617, 23, 87, 1.00),
(618, 20, 87, 1.00),
(619, 20, 86, 1.00),
(620, 21, 87, 1.00),
(621, 21, 86, 1.00),
(623, 8, 8, 30.00),
(624, 8, 87, 1.00),
(625, 8, 86, 1.00),
(626, 3, 16, 20.00),
(627, 19, 87, 1.00),
(628, 19, 86, 1.00),
(629, 7, 87, 1.00),
(630, 7, 86, 1.00),
(631, 24, 31, 20.00),
(632, 24, 100, 20.00),
(633, 24, 2, 200.00),
(634, 24, 86, 1.00),
(635, 44, 86, 1.00),
(636, 44, 2, 100.00),
(637, 44, 10, 20.00),
(638, 44, 19, 15.00),
(639, 44, 13, 1.00),
(644, 45, 13, 1.00),
(645, 45, 10, 20.00),
(647, 45, 2, 150.00),
(649, 9, 86, 1.00),
(650, 9, 13, 1.00),
(652, 9, 2, 150.00),
(653, 9, 10, 20.00),
(654, 9, 14, 1.00),
(656, 10, 2, 200.00),
(657, 27, 108, 30.00),
(658, 27, 87, 1.00),
(659, 46, 10, 20.00),
(661, 46, 2, 150.00),
(662, 46, 9, 20.00),
(663, 59, 10, 20.00),
(664, 46, 86, 1.00),
(666, 46, 13, 1.00),
(667, 59, 13, 1.00),
(669, 59, 9, 20.00),
(671, 59, 2, 150.00),
(672, 59, 112, 10.00),
(673, 58, 86, 1.00),
(674, 58, 13, 1.00),
(675, 58, 10, 20.00),
(676, 58, 112, 10.00),
(678, 58, 2, 100.00),
(679, 58, 9, 20.00),
(680, 47, 10, 20.00),
(681, 47, 13, 1.00),
(685, 45, 96, 30.00),
(686, 44, 96, 30.00),
(687, 10, 96, 40.00),
(688, 9, 96, 30.00),
(689, 47, 2, 150.00),
(690, 47, 96, 40.00),
(691, 46, 96, 30.00),
(692, 47, 9, 20.00),
(693, 59, 96, 40.00),
(694, 58, 96, 30.00),
(695, 37, 2, 150.00),
(696, 37, 9, 20.00),
(697, 37, 96, 40.00),
(698, 37, 13, 1.00),
(699, 37, 31, 10.00),
(700, 37, 10, 20.00),
(701, 36, 86, 1.00),
(702, 36, 96, 30.00),
(703, 36, 13, 1.00),
(704, 36, 10, 20.00),
(705, 36, 31, 10.00),
(706, 51, 104, 20.00),
(707, 51, 2, 150.00),
(708, 51, 96, 40.00),
(709, 51, 12, 1.00),
(710, 51, 13, 1.00),
(711, 50, 86, 1.00),
(712, 50, 104, 20.00),
(713, 50, 2, 100.00),
(714, 50, 96, 30.00),
(715, 39, 13, 1.00),
(716, 39, 2, 150.00),
(717, 39, 96, 40.00),
(718, 39, 104, 20.00),
(719, 38, 96, 30.00),
(720, 38, 2, 100.00),
(721, 38, 104, 20.00),
(722, 38, 10, 20.00),
(723, 38, 13, 1.00),
(724, 38, 14, 1.00),
(725, 63, 2, 150.00),
(726, 63, 96, 40.00),
(727, 63, 104, 20.00),
(728, 63, 112, 10.00),
(729, 63, 13, 1.00),
(730, 62, 2, 100.00),
(731, 62, 96, 30.00),
(732, 62, 86, 1.00),
(733, 62, 13, 1.00),
(734, 62, 104, 20.00),
(735, 62, 112, 10.00),
(736, 57, 112, 20.00),
(737, 57, 96, 40.00),
(738, 57, 2, 150.00),
(739, 56, 2, 100.00),
(740, 56, 96, 30.00),
(741, 56, 112, 20.00),
(742, 57, 13, 1.00),
(743, 56, 86, 1.00),
(744, 56, 13, 1.00),
(746, 49, 103, 20.00),
(747, 49, 2, 150.00),
(748, 49, 96, 40.00),
(749, 49, 13, 1.00),
(750, 48, 103, 15.00),
(751, 48, 2, 100.00),
(752, 48, 96, 30.00),
(753, 60, 86, 1.00),
(754, 60, 103, 15.00),
(755, 60, 112, 10.00),
(756, 60, 2, 100.00),
(757, 60, 96, 30.00),
(759, 60, 13, 1.00),
(760, 48, 13, 1.00),
(761, 35, 96, 40.00),
(762, 35, 2, 150.00),
(763, 35, 103, 20.00),
(764, 35, 13, 1.00),
(765, 34, 13, 1.00),
(766, 34, 2, 100.00),
(767, 34, 96, 30.00),
(768, 34, 103, 20.00),
(769, 61, 103, 20.00),
(770, 61, 112, 15.00),
(771, 61, 2, 150.00),
(772, 61, 96, 40.00),
(773, 61, 13, 1.00),
(774, 55, 108, 30.00),
(775, 55, 2, 150.00),
(776, 55, 96, 40.00),
(777, 55, 13, 1.00),
(778, 54, 108, 25.00),
(779, 54, 2, 100.00),
(780, 54, 96, 20.00),
(781, 54, 13, 1.00),
(782, 41, 108, 30.00),
(783, 41, 2, 150.00),
(784, 41, 96, 40.00),
(785, 41, 13, 1.00),
(786, 40, 108, 25.00),
(787, 40, 86, 1.00),
(788, 40, 2, 100.00),
(789, 40, 96, 30.00),
(790, 40, 13, 1.00),
(791, 53, 8, 30.00),
(792, 53, 2, 150.00),
(793, 53, 96, 40.00),
(794, 53, 13, 1.00),
(795, 52, 86, 1.00),
(796, 52, 8, 25.00),
(797, 52, 2, 100.00),
(798, 52, 96, 30.00),
(799, 52, 13, 1.00),
(800, 43, 8, 30.00),
(801, 43, 2, 150.00),
(802, 43, 96, 40.00),
(803, 43, 13, 1.00),
(804, 42, 8, 25.00),
(805, 42, 2, 100.00),
(806, 42, 96, 30.00),
(807, 42, 13, 1.00),
(808, 91, 111, 200.00),
(809, 91, 109, 30.00),
(810, 91, 87, 1.00),
(811, 90, 87, 1.00),
(812, 90, 86, 1.00),
(813, 90, 111, 150.00),
(814, 90, 109, 25.00),
(815, 85, 87, 1.00),
(816, 85, 111, 200.00),
(817, 85, 106, 30.00),
(818, 84, 14, 1.00),
(819, 84, 87, 1.00),
(820, 84, 111, 150.00),
(821, 84, 106, 25.00),
(822, 87, 87, 1.00),
(823, 87, 111, 200.00),
(824, 87, 107, 30.00),
(825, 86, 86, 1.00),
(826, 86, 87, 1.00),
(827, 86, 111, 150.00),
(828, 86, 107, 25.00),
(829, 89, 87, 1.00),
(830, 89, 111, 200.00),
(831, 89, 108, 30.00),
(832, 88, 86, 1.00),
(833, 88, 87, 1.00),
(834, 88, 108, 25.00),
(835, 88, 111, 150.00),
(836, 75, 110, 40.00),
(837, 75, 87, 1.00),
(838, 74, 87, 1.00),
(839, 77, 106, 40.00),
(840, 77, 87, 1.00),
(841, 76, 106, 35.00),
(842, 76, 87, 1.00),
(843, 76, 86, 1.00),
(844, 79, 107, 40.00),
(845, 79, 87, 1.00),
(846, 78, 86, 1.00),
(847, 78, 107, 35.00),
(848, 78, 87, 1.00),
(849, 81, 108, 40.00),
(850, 81, 87, 1.00),
(851, 80, 86, 1.00),
(852, 80, 108, 35.00),
(853, 80, 87, 1.00),
(854, 33, 105, 40.00),
(855, 33, 2, 150.00),
(856, 33, 96, 1.00),
(857, 33, 13, 1.00),
(858, 32, 86, 1.00),
(859, 32, 105, 35.00),
(860, 32, 2, 100.00),
(861, 32, 96, 1.00),
(862, 32, 13, 1.00);

-- --------------------------------------------------------

--
-- Table structure for table `products`
--

CREATE TABLE `products` (
  `ProductID` int NOT NULL,
  `Name` varchar(255) NOT NULL,
  `CategoryID` int DEFAULT NULL,
  `SellingPrice` decimal(10,2) NOT NULL,
  `CostPrice` decimal(10,2) NOT NULL,
  `Unit` varchar(50) DEFAULT 'pc',
  `IsComposite` tinyint(1) DEFAULT '0',
  `CreatedAt` timestamp NULL DEFAULT CURRENT_TIMESTAMP
) ENGINE=InnoDB DEFAULT CHARSET=utf8mb4 COLLATE=utf8mb4_0900_ai_ci;

--
-- Dumping data for table `products`
--

INSERT INTO `products` (`ProductID`, `Name`, `CategoryID`, `SellingPrice`, `CostPrice`, `Unit`, `IsComposite`, `CreatedAt`) VALUES
(1, 'Classic Corndog', 21, 40.00, 25.00, 'pc', 1, '2025-11-20 14:50:03'),
(2, 'Classic Hotdog Fries', 21, 45.00, 27.00, 'pc', 1, '2025-11-20 14:50:03'),
(3, 'Mo Do Fries', 21, 60.00, 39.00, 'pc', 1, '2025-11-20 14:50:03'),
(4, 'Mozza Hotdog', 21, 65.00, 42.00, 'pc', 1, '2025-11-20 14:50:03'),
(5, 'Americano', 2, 45.00, 18.40, 'pc', 0, '2025-11-20 14:50:03'),
(6, 'Caffe Latte', 2, 70.00, 34.40, 'pc', 1, '2025-11-20 14:50:03'),
(7, 'Vanilla Latte', 2, 85.00, 47.40, 'pc', 1, '2025-11-20 14:50:03'),
(8, 'Matcha Latte', 2, 80.00, 41.00, 'pc', 1, '2025-11-20 14:50:03'),
(9, 'Classic Milktea (M)', 4, 60.00, 27.50, 'pc', 1, '2025-11-20 14:50:03'),
(10, 'Classic Milktea (L)', 4, 70.00, 37.00, 'pc', 1, '2025-11-20 14:50:03'),
(15, 'Pure Mozza', 21, 75.00, 48.00, 'pc', 1, '2025-11-20 14:55:01'),
(19, 'Spanish Latte', 2, 70.00, 40.40, 'pc', 1, '2025-11-20 14:55:01'),
(20, 'Dalgona Latte', 2, 70.00, 34.40, 'pc', 1, '2025-11-20 14:55:01'),
(21, 'French Vanilla', 2, 85.00, 49.40, 'pc', 1, '2025-11-20 14:55:01'),
(22, 'Cappuccino', 2, 85.00, 34.40, 'pc', 1, '2025-11-20 14:55:01'),
(23, 'Caramel Latte', 2, 85.00, 46.90, 'pc', 1, '2025-11-20 14:55:01'),
(24, 'White Mocha', 2, 90.00, 59.40, 'pc', 1, '2025-11-20 14:55:01'),
(25, 'Cafe Mocha', 2, 90.00, 54.80, 'pc', 1, '2025-11-20 14:55:01'),
(27, 'Strawberry Milk', 3, 60.00, 37.00, 'pc', 0, '2025-11-20 14:55:01'),
(28, 'Chocolate Milk', 3, 70.00, 50.00, 'pc', 0, '2025-11-20 14:55:01'),
(32, 'Wintermelon Milktea (M)', 4, 60.00, 34.60, 'pc', 1, '2025-11-20 14:55:01'),
(33, 'Wintermelon Milktea (L)', 4, 70.00, 41.10, 'pc', 1, '2025-11-20 14:55:01'),
(34, 'Red Velvet Milktea (M)', 4, 60.00, 42.00, 'pc', 1, '2025-11-20 14:55:01'),
(35, 'Red Velvet Milktea (L)', 4, 70.00, 47.00, 'pc', 1, '2025-11-20 14:55:01'),
(36, 'Dark Chocolate Milktea (M)', 4, 75.00, 44.50, 'pc', 1, '2025-11-20 14:55:01'),
(37, 'Dark Chocolate Milktea (L)', 4, 75.00, 50.00, 'pc', 1, '2025-11-20 14:55:01'),
(38, 'Okinawa Milktea (M)', 4, 65.00, 39.50, 'pc', 1, '2025-11-20 14:55:01'),
(39, 'Okinawa Milktea (L)', 4, 75.00, 45.00, 'pc', 1, '2025-11-20 14:55:01'),
(40, 'Strawberry Milktea (M)', 4, 65.00, 39.50, 'pc', 1, '2025-11-20 14:55:01'),
(41, 'Strawberry Milktea (L)', 4, 75.00, 47.00, 'pc', 1, '2025-11-20 14:55:01'),
(42, 'Uji Matcha Milktea (M)', 4, 80.00, 41.50, 'pc', 1, '2025-11-20 14:55:01'),
(43, 'Uji Matcha Milktea (L)', 4, 80.00, 50.00, 'pc', 1, '2025-11-20 14:55:01'),
(44, 'Classic Cheesecake Milktea (M)', 4, 80.00, 37.00, 'pc', 1, '2025-11-20 14:55:01'),
(45, 'Classic Cheesecake Milktea (L)', 4, 80.00, 46.00, 'pc', 1, '2025-11-20 14:55:01'),
(46, 'Dark Choco Cheesecake Milktea (M)', 4, 80.00, 59.50, 'pc', 1, '2025-11-20 14:55:01'),
(47, 'Dark Choco Cheesecake Milktea (L)', 4, 80.00, 64.00, 'pc', 1, '2025-11-20 14:55:01'),
(48, 'Red Velvet Cheesecake Milktea (M)', 4, 80.00, 55.50, 'pc', 1, '2025-11-20 14:55:01'),
(49, 'Red Velvet Cheesecake Milktea (L)', 4, 80.00, 65.00, 'pc', 1, '2025-11-20 14:55:01'),
(50, 'Okinawa Cheesecake Milktea (M)', 4, 80.00, 55.50, 'pc', 1, '2025-11-20 14:55:01'),
(51, 'Okinawa Cheesecake Milktea (L)', 4, 80.00, 63.00, 'pc', 1, '2025-11-20 14:55:01'),
(52, 'Uji Matcha Cheesecake Milktea (M)', 4, 80.00, 59.00, 'pc', 1, '2025-11-20 14:55:01'),
(53, 'Uji Matcha Cheesecake Milktea (L)', 4, 80.00, 68.00, 'pc', 1, '2025-11-20 14:55:01'),
(54, 'Strawberry Cheesecake Milktea (M)', 4, 80.00, 51.00, 'pc', 1, '2025-11-20 14:55:01'),
(55, 'Strawberry Cheesecake Milktea (L)', 4, 80.00, 59.00, 'pc', 1, '2025-11-20 14:55:01'),
(56, 'Oreo Cheesecake Milktea (M)', 4, 80.00, 49.50, 'pc', 1, '2025-11-20 14:55:01'),
(57, 'Oreo Cheesecake Milktea (L)', 4, 80.00, 55.00, 'pc', 1, '2025-11-20 14:55:01'),
(58, 'Dark Choco Oreo Cheesecake Milktea (M)', 4, 80.00, 59.50, 'pc', 1, '2025-11-20 14:55:01'),
(59, 'Dark Choco Oreo Cheesecake Milktea (L)', 4, 80.00, 65.00, 'pc', 1, '2025-11-20 14:55:01'),
(60, 'Red Velvet Oreo Cheesecake Milktea (M)', 4, 80.00, 59.00, 'pc', 1, '2025-11-20 14:55:01'),
(61, 'Red Velvet Oreo Cheesecake Milktea (L)', 4, 80.00, 71.00, 'pc', 1, '2025-11-20 14:55:01'),
(62, 'Okinawa Oreo Cheesecake Milktea (M)', 4, 80.00, 61.50, 'pc', 1, '2025-11-20 14:55:01'),
(63, 'Okinawa Oreo Cheesecake Milktea (L)', 4, 80.00, 67.00, 'pc', 1, '2025-11-20 14:55:01'),
(64, 'Lychee Fruit Tea (M)', 7, 65.00, 43.00, 'pc', 1, '2025-11-20 14:55:01'),
(65, 'Lychee Fruit Tea (L)', 7, 75.00, 52.50, 'pc', 1, '2025-11-20 14:55:01'),
(66, 'Mango Fruit Tea (M)', 7, 65.00, 38.50, 'pc', 1, '2025-11-20 14:55:01'),
(67, 'Mango Fruit Tea (L)', 7, 75.00, 47.50, 'pc', 1, '2025-11-20 14:55:01'),
(68, 'Strawberry Fruit Tea (M)', 7, 65.00, 39.00, 'pc', 1, '2025-11-20 14:55:01'),
(69, 'Strawberry Fruit Tea (L)', 7, 75.00, 45.00, 'pc', 1, '2025-11-20 14:55:01'),
(70, 'Green Apple Fruit Tea (M)', 7, 65.00, 38.50, 'pc', 1, '2025-11-20 14:55:01'),
(71, 'Green Apple Fruit Tea (L)', 7, 75.00, 52.50, 'pc', 1, '2025-11-20 14:55:01'),
(72, 'Lemon Tea (M)', 7, 65.00, 38.50, 'pc', 1, '2025-11-20 14:55:01'),
(73, 'Lemon Tea (L)', 7, 75.00, 47.50, 'pc', 1, '2025-11-20 14:55:01'),
(74, 'Lemon Yakult (M)', 8, 75.00, 28.50, 'pc', 1, '2025-11-20 14:55:01'),
(75, 'Lemon Yakult (L)', 8, 85.00, 33.00, 'pc', 1, '2025-11-20 14:55:01'),
(76, 'Lychee Yakult (M)', 8, 75.00, 30.50, 'pc', 1, '2025-11-20 14:55:01'),
(77, 'Lychee Yakult (L)', 8, 85.00, 33.00, 'pc', 1, '2025-11-20 14:55:01'),
(78, 'Mango Yakult (M)', 8, 75.00, 30.50, 'pc', 1, '2025-11-20 14:55:01'),
(79, 'Mango Yakult (L)', 8, 85.00, 33.00, 'pc', 1, '2025-11-20 14:55:01'),
(80, 'Strawberry Yakult (M)', 8, 75.00, 30.50, 'pc', 1, '2025-11-20 14:55:01'),
(81, 'Strawberry Yakult (L)', 8, 85.00, 33.00, 'pc', 1, '2025-11-20 14:55:01'),
(82, 'Green Apple Yakult (M)', 8, 75.00, 25.50, 'pc', 1, '2025-11-20 14:55:01'),
(83, 'Green Apple Yakult (L)', 8, 85.00, 34.00, 'pc', 1, '2025-11-20 14:55:01'),
(84, 'Lychee Soda (M)', 9, 55.00, 20.50, 'pc', 1, '2025-11-20 14:55:01'),
(85, 'Lychee Soda (L)', 9, 65.00, 25.00, 'pc', 1, '2025-11-20 14:55:01'),
(86, 'Mango Soda (M)', 9, 55.00, 20.50, 'pc', 1, '2025-11-20 14:55:01'),
(87, 'Mango Soda (L)', 9, 65.00, 25.00, 'pc', 1, '2025-11-20 14:55:01'),
(88, 'Strawberry Soda (M)', 9, 55.00, 20.50, 'pc', 1, '2025-11-20 14:55:01'),
(89, 'Strawberry Soda (L)', 9, 65.00, 25.00, 'pc', 1, '2025-11-20 14:55:01'),
(90, 'Green Apple Soda (M)', 9, 55.00, 20.50, 'pc', 1, '2025-11-20 14:55:01'),
(91, 'Green Apple Soda (L)', 9, 65.00, 25.00, 'pc', 1, '2025-11-20 14:55:01'),
(96, 'Banana Bread', 21, 120.00, 70.00, '10', 0, '2025-11-27 09:13:09'),
(97, 'Brown Sugar', 3, 50.00, 28.75, 'pc', 0, '2025-11-27 16:15:15');

-- --------------------------------------------------------

--
-- Table structure for table `saledetails`
--

CREATE TABLE `saledetails` (
  `SaleDetailID` int NOT NULL,
  `SaleID` int NOT NULL,
  `ProductID` int NOT NULL,
  `Quantity` int NOT NULL,
  `UnitPrice` decimal(10,2) NOT NULL,
  `LineTotal` decimal(10,2) NOT NULL
) ENGINE=InnoDB DEFAULT CHARSET=utf8mb4 COLLATE=utf8mb4_0900_ai_ci;

--
-- Dumping data for table `saledetails`
--

INSERT INTO `saledetails` (`SaleDetailID`, `SaleID`, `ProductID`, `Quantity`, `UnitPrice`, `LineTotal`) VALUES
(68, 54, 49, 2, 80.00, 160.00),
(69, 54, 49, 2, 80.00, 160.00),
(70, 55, 68, 2, 65.00, 130.00),
(71, 56, 40, 2, 65.00, 130.00),
(72, 56, 27, 1, 60.00, 60.00),
(73, 56, 8, 2, 80.00, 160.00),
(74, 57, 4, 2, 65.00, 130.00),
(75, 57, 97, 2, 50.00, 100.00),
(76, 57, 27, 1, 60.00, 60.00),
(77, 58, 38, 2, 65.00, 130.00),
(78, 59, 24, 1, 90.00, 90.00),
(79, 60, 97, 2, 50.00, 100.00),
(80, 60, 76, 1, 75.00, 75.00),
(81, 61, 74, 2, 75.00, 150.00),
(82, 61, 2, 2, 45.00, 90.00),
(83, 62, 23, 1, 85.00, 85.00),
(84, 62, 46, 1, 80.00, 80.00),
(85, 62, 60, 1, 80.00, 80.00),
(86, 63, 54, 2, 80.00, 160.00),
(87, 64, 35, 1, 70.00, 70.00),
(88, 64, 62, 2, 80.00, 160.00),
(89, 64, 46, 2, 80.00, 160.00),
(90, 65, 54, 1, 80.00, 80.00),
(91, 65, 50, 2, 80.00, 160.00),
(92, 66, 36, 2, 75.00, 150.00),
(93, 66, 7, 1, 85.00, 85.00),
(94, 66, 60, 1, 80.00, 80.00),
(95, 67, 58, 2, 80.00, 160.00),
(96, 67, 70, 2, 65.00, 130.00),
(97, 67, 2, 2, 45.00, 90.00),
(98, 68, 52, 2, 80.00, 160.00),
(99, 68, 39, 1, 75.00, 75.00),
(100, 69, 85, 1, 65.00, 65.00),
(101, 69, 36, 2, 75.00, 150.00),
(102, 69, 58, 2, 80.00, 160.00),
(103, 70, 43, 1, 80.00, 80.00),
(104, 70, 88, 1, 55.00, 55.00),
(105, 70, 78, 2, 75.00, 150.00),
(106, 71, 50, 1, 80.00, 80.00),
(107, 71, 3, 1, 60.00, 60.00),
(108, 72, 49, 1, 80.00, 80.00),
(109, 72, 79, 2, 85.00, 170.00),
(110, 73, 28, 1, 70.00, 70.00),
(111, 73, 77, 2, 85.00, 170.00),
(112, 73, 7, 1, 85.00, 85.00),
(113, 74, 22, 2, 85.00, 170.00),
(114, 75, 28, 1, 70.00, 70.00),
(115, 75, 60, 2, 80.00, 160.00),
(116, 76, 49, 1, 80.00, 80.00),
(117, 76, 24, 2, 90.00, 180.00),
(118, 77, 47, 2, 80.00, 160.00),
(119, 78, 91, 2, 65.00, 130.00),
(120, 79, 40, 2, 65.00, 130.00),
(121, 79, 59, 1, 80.00, 80.00),
(122, 80, 45, 1, 80.00, 80.00),
(123, 80, 90, 1, 55.00, 55.00),
(124, 81, 84, 1, 55.00, 55.00),
(125, 81, 33, 2, 70.00, 140.00),
(126, 82, 48, 2, 80.00, 160.00),
(127, 83, 69, 2, 75.00, 150.00),
(128, 83, 35, 1, 70.00, 70.00),
(129, 84, 72, 2, 65.00, 130.00),
(130, 84, 91, 1, 65.00, 65.00),
(131, 84, 25, 2, 90.00, 180.00),
(132, 85, 48, 1, 80.00, 80.00),
(133, 85, 85, 1, 65.00, 65.00),
(134, 85, 75, 2, 85.00, 170.00),
(135, 86, 22, 2, 85.00, 170.00),
(136, 86, 1, 2, 40.00, 80.00),
(137, 87, 61, 1, 80.00, 80.00),
(138, 87, 62, 1, 80.00, 80.00),
(139, 88, 22, 1, 85.00, 85.00),
(140, 88, 68, 2, 65.00, 130.00),
(141, 88, 9, 2, 60.00, 120.00),
(142, 89, 57, 2, 80.00, 160.00),
(143, 90, 24, 1, 90.00, 90.00),
(144, 90, 52, 1, 80.00, 80.00),
(145, 90, 66, 1, 65.00, 65.00),
(146, 91, 36, 1, 75.00, 75.00),
(147, 91, 52, 2, 80.00, 160.00),
(148, 92, 83, 2, 85.00, 170.00),
(149, 92, 80, 1, 75.00, 75.00),
(150, 92, 97, 2, 50.00, 100.00),
(151, 93, 49, 1, 80.00, 80.00),
(152, 94, 91, 2, 65.00, 130.00),
(153, 94, 83, 1, 85.00, 85.00),
(154, 94, 63, 2, 80.00, 160.00),
(155, 95, 65, 1, 75.00, 75.00),
(156, 95, 40, 2, 65.00, 130.00),
(157, 96, 68, 2, 65.00, 130.00),
(158, 97, 22, 2, 85.00, 170.00),
(159, 98, 69, 2, 75.00, 150.00),
(160, 98, 70, 2, 65.00, 130.00),
(161, 98, 72, 1, 65.00, 65.00),
(162, 99, 74, 2, 75.00, 150.00),
(163, 99, 65, 2, 75.00, 150.00),
(164, 100, 47, 2, 80.00, 160.00),
(165, 100, 73, 1, 75.00, 75.00),
(166, 100, 57, 1, 80.00, 80.00),
(167, 101, 5, 1, 45.00, 45.00),
(168, 101, 60, 2, 80.00, 160.00),
(169, 102, 57, 1, 80.00, 80.00),
(170, 102, 28, 1, 70.00, 70.00),
(171, 102, 69, 2, 75.00, 150.00),
(172, 103, 74, 2, 75.00, 150.00),
(173, 103, 51, 2, 80.00, 160.00),
(174, 104, 10, 2, 70.00, 140.00),
(175, 104, 44, 2, 80.00, 160.00),
(176, 105, 20, 2, 70.00, 140.00),
(177, 105, 36, 2, 75.00, 150.00),
(178, 106, 39, 1, 75.00, 75.00),
(179, 106, 21, 1, 85.00, 85.00),
(180, 106, 38, 2, 65.00, 130.00),
(181, 107, 83, 1, 85.00, 85.00),
(182, 107, 38, 1, 65.00, 65.00),
(183, 108, 42, 1, 80.00, 80.00),
(184, 109, 84, 2, 55.00, 110.00),
(185, 109, 35, 2, 70.00, 140.00),
(186, 110, 77, 1, 85.00, 85.00),
(187, 111, 36, 2, 75.00, 150.00),
(188, 111, 58, 1, 80.00, 80.00),
(189, 112, 62, 1, 80.00, 80.00),
(190, 113, 43, 1, 80.00, 80.00),
(191, 113, 91, 2, 65.00, 130.00),
(192, 114, 90, 2, 55.00, 110.00),
(193, 114, 85, 2, 65.00, 130.00),
(194, 114, 45, 2, 80.00, 160.00),
(195, 115, 8, 2, 80.00, 160.00),
(196, 116, 50, 2, 80.00, 160.00),
(197, 117, 64, 2, 65.00, 130.00),
(198, 117, 53, 1, 80.00, 80.00),
(199, 117, 87, 1, 65.00, 65.00),
(200, 118, 77, 2, 85.00, 170.00),
(201, 118, 72, 1, 65.00, 65.00),
(202, 119, 51, 1, 80.00, 80.00),
(203, 120, 40, 2, 65.00, 130.00),
(204, 121, 77, 2, 85.00, 170.00),
(205, 121, 49, 1, 80.00, 80.00),
(206, 122, 91, 2, 65.00, 130.00),
(207, 123, 54, 2, 80.00, 160.00),
(208, 123, 5, 1, 45.00, 45.00),
(209, 123, 51, 2, 80.00, 160.00),
(210, 124, 83, 2, 85.00, 170.00),
(211, 125, 82, 1, 75.00, 75.00),
(212, 125, 38, 2, 65.00, 130.00),
(213, 126, 56, 1, 80.00, 80.00),
(214, 127, 36, 1, 75.00, 75.00),
(215, 127, 27, 2, 60.00, 120.00),
(216, 127, 9, 2, 60.00, 120.00),
(217, 128, 50, 2, 80.00, 160.00),
(218, 128, 4, 1, 65.00, 65.00),
(219, 128, 57, 1, 80.00, 80.00),
(220, 129, 27, 1, 60.00, 60.00),
(221, 129, 28, 1, 70.00, 70.00),
(222, 130, 27, 2, 60.00, 120.00),
(223, 130, 28, 2, 70.00, 140.00),
(224, 131, 85, 2, 65.00, 130.00),
(225, 131, 19, 2, 70.00, 140.00),
(226, 132, 4, 2, 65.00, 130.00),
(227, 132, 42, 2, 80.00, 160.00),
(228, 133, 21, 2, 85.00, 170.00),
(229, 133, 61, 2, 80.00, 160.00),
(230, 133, 85, 1, 65.00, 65.00),
(231, 134, 68, 1, 65.00, 65.00),
(232, 134, 62, 1, 80.00, 80.00),
(233, 134, 47, 2, 80.00, 160.00),
(234, 135, 59, 1, 80.00, 80.00),
(235, 135, 7, 1, 85.00, 85.00),
(236, 136, 88, 1, 55.00, 55.00),
(237, 137, 28, 2, 70.00, 140.00),
(238, 137, 42, 2, 80.00, 160.00),
(239, 137, 10, 2, 70.00, 140.00),
(240, 138, 58, 1, 80.00, 80.00),
(241, 138, 40, 1, 65.00, 65.00),
(242, 138, 88, 2, 55.00, 110.00),
(243, 139, 42, 2, 80.00, 160.00),
(244, 139, 91, 2, 65.00, 130.00),
(245, 140, 41, 2, 75.00, 150.00),
(246, 140, 78, 2, 75.00, 150.00),
(247, 140, 36, 1, 75.00, 75.00),
(248, 141, 90, 2, 55.00, 110.00),
(249, 142, 46, 1, 80.00, 80.00),
(250, 142, 55, 2, 80.00, 160.00),
(251, 142, 44, 2, 80.00, 160.00),
(252, 143, 47, 1, 80.00, 80.00),
(253, 144, 85, 1, 65.00, 65.00),
(254, 145, 65, 1, 75.00, 75.00),
(255, 145, 36, 1, 75.00, 75.00),
(256, 145, 82, 2, 75.00, 150.00),
(257, 146, 36, 2, 75.00, 150.00),
(258, 146, 49, 1, 80.00, 80.00),
(259, 147, 71, 2, 75.00, 150.00),
(260, 147, 96, 1, 120.00, 120.00),
(261, 148, 51, 1, 80.00, 80.00),
(262, 148, 5, 1, 45.00, 45.00),
(263, 148, 46, 2, 80.00, 160.00),
(264, 149, 41, 1, 75.00, 75.00),
(265, 149, 6, 1, 70.00, 70.00),
(266, 149, 32, 1, 60.00, 60.00),
(267, 150, 82, 2, 75.00, 150.00),
(268, 150, 89, 1, 65.00, 65.00),
(269, 151, 7, 2, 85.00, 170.00),
(270, 151, 45, 1, 80.00, 80.00),
(271, 152, 73, 2, 75.00, 150.00),
(272, 152, 54, 2, 80.00, 160.00),
(273, 152, 75, 1, 85.00, 85.00),
(274, 153, 49, 2, 80.00, 160.00),
(275, 153, 4, 2, 65.00, 130.00),
(276, 153, 28, 2, 70.00, 140.00),
(277, 154, 55, 2, 80.00, 160.00),
(278, 154, 51, 2, 80.00, 160.00),
(279, 154, 69, 1, 75.00, 75.00),
(280, 155, 61, 1, 80.00, 80.00),
(281, 155, 65, 1, 75.00, 75.00),
(282, 156, 65, 2, 75.00, 150.00),
(283, 157, 84, 2, 55.00, 110.00),
(284, 157, 28, 2, 70.00, 140.00),
(285, 158, 51, 2, 80.00, 160.00),
(286, 158, 70, 2, 65.00, 130.00),
(287, 158, 5, 1, 45.00, 45.00),
(288, 159, 79, 1, 85.00, 85.00),
(289, 159, 82, 2, 75.00, 150.00),
(290, 159, 49, 1, 80.00, 80.00),
(291, 160, 57, 1, 80.00, 80.00),
(292, 160, 10, 2, 70.00, 140.00),
(293, 160, 78, 2, 75.00, 150.00),
(294, 161, 56, 2, 80.00, 160.00),
(295, 161, 67, 1, 75.00, 75.00),
(296, 162, 69, 1, 75.00, 75.00),
(297, 163, 62, 1, 80.00, 80.00),
(298, 164, 1, 2, 40.00, 80.00),
(299, 165, 1, 1, 40.00, 40.00),
(300, 165, 15, 2, 75.00, 150.00),
(301, 165, 83, 2, 85.00, 170.00),
(302, 166, 86, 1, 55.00, 55.00),
(303, 166, 90, 1, 55.00, 55.00),
(304, 166, 59, 1, 80.00, 80.00),
(305, 167, 33, 1, 70.00, 70.00),
(306, 167, 67, 1, 75.00, 75.00),
(307, 168, 73, 2, 75.00, 150.00),
(308, 168, 15, 1, 75.00, 75.00),
(309, 168, 37, 1, 75.00, 75.00),
(310, 169, 65, 1, 75.00, 75.00),
(311, 170, 36, 2, 75.00, 150.00),
(312, 170, 55, 1, 80.00, 80.00),
(313, 170, 68, 2, 65.00, 130.00),
(314, 171, 72, 2, 65.00, 130.00),
(315, 171, 63, 2, 80.00, 160.00),
(316, 171, 35, 1, 70.00, 70.00),
(317, 172, 24, 2, 90.00, 180.00),
(318, 172, 43, 2, 80.00, 160.00),
(319, 172, 87, 1, 65.00, 65.00),
(320, 173, 76, 1, 75.00, 75.00),
(321, 174, 67, 1, 75.00, 75.00),
(322, 175, 67, 1, 75.00, 75.00),
(323, 175, 70, 1, 65.00, 65.00),
(324, 175, 1, 1, 40.00, 40.00),
(325, 176, 53, 2, 80.00, 160.00),
(326, 176, 19, 1, 70.00, 70.00),
(327, 176, 73, 2, 75.00, 150.00),
(328, 177, 68, 1, 65.00, 65.00),
(329, 177, 78, 1, 75.00, 75.00),
(330, 177, 10, 1, 70.00, 70.00),
(331, 178, 25, 1, 90.00, 90.00),
(332, 178, 75, 1, 85.00, 85.00),
(333, 178, 35, 2, 70.00, 140.00),
(334, 179, 65, 2, 75.00, 150.00),
(335, 179, 63, 2, 80.00, 160.00),
(336, 180, 50, 1, 80.00, 80.00),
(337, 180, 42, 1, 80.00, 80.00),
(338, 180, 55, 2, 80.00, 160.00),
(339, 181, 75, 2, 85.00, 170.00),
(340, 181, 85, 2, 65.00, 130.00),
(341, 181, 63, 2, 80.00, 160.00),
(342, 182, 81, 1, 85.00, 85.00),
(343, 182, 27, 1, 60.00, 60.00),
(344, 182, 85, 2, 65.00, 130.00),
(345, 183, 38, 2, 65.00, 130.00),
(346, 183, 36, 1, 75.00, 75.00),
(347, 184, 58, 1, 80.00, 80.00),
(348, 184, 23, 1, 85.00, 85.00),
(349, 185, 20, 2, 70.00, 140.00),
(350, 185, 91, 2, 65.00, 130.00),
(351, 185, 76, 1, 75.00, 75.00),
(352, 186, 35, 2, 70.00, 140.00),
(353, 186, 84, 2, 55.00, 110.00),
(354, 187, 2, 1, 45.00, 45.00),
(355, 188, 87, 2, 65.00, 130.00),
(356, 188, 36, 2, 75.00, 150.00),
(357, 188, 69, 2, 75.00, 150.00),
(358, 189, 90, 1, 55.00, 55.00),
(359, 189, 74, 1, 75.00, 75.00),
(360, 190, 83, 1, 85.00, 85.00),
(361, 190, 87, 2, 65.00, 130.00),
(362, 190, 7, 2, 85.00, 170.00),
(363, 191, 15, 2, 75.00, 150.00),
(364, 192, 96, 2, 120.00, 240.00),
(365, 192, 5, 1, 45.00, 45.00),
(366, 192, 22, 1, 85.00, 85.00),
(367, 193, 5, 1, 45.00, 45.00),
(368, 193, 97, 1, 50.00, 50.00),
(369, 193, 25, 1, 90.00, 90.00),
(370, 194, 96, 1, 120.00, 120.00),
(371, 195, 5, 1, 45.00, 45.00),
(372, 196, 96, 1, 120.00, 120.00),
(373, 197, 49, 1, 80.00, 80.00),
(374, 197, 36, 1, 75.00, 75.00),
(375, 198, 38, 2, 65.00, 130.00),
(376, 198, 42, 2, 80.00, 160.00),
(377, 198, 73, 2, 75.00, 150.00),
(378, 199, 19, 2, 70.00, 140.00),
(379, 200, 32, 1, 60.00, 60.00),
(380, 200, 97, 2, 50.00, 100.00),
(381, 201, 15, 1, 75.00, 75.00),
(382, 201, 3, 2, 60.00, 120.00),
(383, 201, 77, 2, 85.00, 170.00),
(384, 202, 1, 2, 40.00, 80.00),
(385, 202, 4, 2, 65.00, 130.00),
(386, 202, 70, 2, 65.00, 130.00),
(387, 203, 63, 1, 80.00, 80.00),
(388, 204, 45, 1, 80.00, 80.00),
(389, 204, 88, 1, 55.00, 55.00),
(390, 204, 68, 2, 65.00, 130.00),
(391, 205, 68, 1, 65.00, 65.00),
(392, 205, 34, 1, 60.00, 60.00),
(393, 205, 46, 1, 80.00, 80.00),
(394, 206, 46, 2, 80.00, 160.00),
(395, 206, 84, 1, 55.00, 55.00),
(396, 206, 49, 2, 80.00, 160.00),
(397, 207, 1, 1, 40.00, 40.00),
(398, 208, 27, 2, 60.00, 120.00),
(399, 208, 97, 2, 50.00, 100.00),
(400, 209, 42, 1, 80.00, 80.00),
(401, 209, 63, 1, 80.00, 80.00),
(402, 210, 59, 1, 80.00, 80.00),
(403, 210, 64, 2, 65.00, 130.00),
(404, 211, 76, 1, 75.00, 75.00),
(405, 212, 62, 2, 80.00, 160.00),
(406, 212, 78, 2, 75.00, 150.00),
(407, 213, 88, 1, 55.00, 55.00),
(408, 213, 50, 1, 80.00, 80.00),
(409, 214, 56, 2, 80.00, 160.00),
(410, 215, 82, 2, 75.00, 150.00),
(411, 216, 4, 2, 65.00, 130.00),
(412, 216, 55, 1, 80.00, 80.00),
(413, 217, 3, 1, 60.00, 60.00),
(414, 218, 46, 1, 80.00, 80.00),
(415, 219, 71, 2, 75.00, 150.00),
(416, 219, 67, 2, 75.00, 150.00),
(417, 220, 40, 2, 65.00, 130.00),
(418, 220, 96, 1, 120.00, 120.00),
(419, 221, 20, 2, 70.00, 140.00),
(420, 221, 46, 2, 80.00, 160.00),
(421, 222, 28, 2, 70.00, 140.00),
(422, 223, 83, 2, 85.00, 170.00),
(423, 223, 79, 2, 85.00, 170.00),
(424, 224, 71, 2, 75.00, 150.00),
(425, 224, 27, 1, 60.00, 60.00),
(426, 225, 50, 2, 80.00, 160.00),
(427, 225, 44, 2, 80.00, 160.00),
(428, 226, 74, 1, 75.00, 75.00),
(429, 226, 87, 1, 65.00, 65.00),
(430, 226, 45, 2, 80.00, 160.00),
(431, 227, 62, 1, 80.00, 80.00),
(432, 227, 62, 1, 80.00, 80.00),
(433, 228, 44, 1, 80.00, 80.00),
(434, 229, 22, 1, 85.00, 85.00),
(435, 229, 43, 1, 80.00, 80.00),
(436, 230, 58, 1, 80.00, 80.00),
(437, 231, 15, 2, 75.00, 150.00),
(438, 231, 58, 2, 80.00, 160.00),
(439, 231, 42, 2, 80.00, 160.00),
(440, 232, 69, 2, 75.00, 150.00),
(441, 232, 10, 2, 70.00, 140.00),
(442, 233, 46, 1, 80.00, 80.00),
(443, 233, 74, 1, 75.00, 75.00),
(444, 233, 41, 1, 75.00, 75.00),
(445, 234, 19, 1, 70.00, 70.00),
(446, 234, 66, 1, 65.00, 65.00),
(447, 234, 36, 2, 75.00, 150.00),
(448, 235, 66, 1, 65.00, 65.00),
(449, 236, 1, 1, 40.00, 40.00),
(450, 236, 89, 2, 65.00, 130.00),
(451, 237, 91, 1, 65.00, 65.00),
(452, 237, 57, 1, 80.00, 80.00),
(453, 237, 90, 2, 55.00, 110.00),
(454, 238, 37, 2, 75.00, 150.00),
(455, 238, 35, 2, 70.00, 140.00),
(456, 239, 40, 2, 65.00, 130.00),
(457, 240, 87, 2, 65.00, 130.00),
(458, 241, 96, 2, 120.00, 240.00),
(459, 242, 97, 2, 50.00, 100.00),
(460, 243, 42, 1, 80.00, 80.00),
(461, 244, 71, 1, 75.00, 75.00),
(462, 244, 66, 2, 65.00, 130.00),
(463, 245, 40, 1, 65.00, 65.00),
(464, 245, 35, 1, 70.00, 70.00),
(465, 246, 88, 2, 55.00, 110.00),
(466, 246, 3, 1, 60.00, 60.00),
(467, 246, 27, 1, 60.00, 60.00),
(468, 247, 80, 1, 75.00, 75.00),
(469, 247, 7, 1, 85.00, 85.00),
(470, 248, 6, 2, 70.00, 140.00),
(471, 248, 22, 1, 85.00, 85.00),
(472, 249, 63, 2, 80.00, 160.00),
(473, 249, 7, 2, 85.00, 170.00),
(474, 249, 23, 1, 85.00, 85.00),
(475, 250, 55, 2, 80.00, 160.00),
(476, 251, 57, 2, 80.00, 160.00),
(477, 251, 37, 2, 75.00, 150.00),
(478, 251, 63, 1, 80.00, 80.00),
(479, 252, 70, 1, 65.00, 65.00),
(480, 252, 62, 2, 80.00, 160.00),
(481, 252, 2, 2, 45.00, 90.00),
(482, 253, 39, 1, 75.00, 75.00),
(483, 253, 45, 2, 80.00, 160.00),
(484, 254, 78, 2, 75.00, 150.00),
(485, 254, 43, 2, 80.00, 160.00),
(486, 255, 87, 2, 65.00, 130.00),
(487, 255, 2, 2, 45.00, 90.00),
(488, 256, 82, 1, 75.00, 75.00),
(489, 256, 6, 1, 70.00, 70.00),
(490, 256, 88, 2, 55.00, 110.00),
(491, 257, 3, 2, 60.00, 120.00),
(492, 257, 79, 2, 85.00, 170.00),
(493, 257, 2, 2, 45.00, 90.00),
(494, 258, 8, 2, 80.00, 160.00),
(495, 258, 3, 2, 60.00, 120.00),
(496, 259, 20, 2, 70.00, 140.00),
(497, 260, 64, 1, 65.00, 65.00),
(498, 261, 85, 2, 65.00, 130.00),
(499, 261, 78, 1, 75.00, 75.00),
(500, 261, 20, 2, 70.00, 140.00),
(501, 262, 33, 2, 70.00, 140.00),
(502, 262, 45, 2, 80.00, 160.00),
(503, 263, 4, 1, 65.00, 65.00),
(504, 263, 21, 2, 85.00, 170.00),
(505, 264, 63, 1, 80.00, 80.00),
(506, 264, 77, 2, 85.00, 170.00),
(507, 265, 46, 1, 80.00, 80.00),
(508, 265, 58, 1, 80.00, 80.00),
(509, 265, 67, 1, 75.00, 75.00),
(510, 266, 6, 1, 70.00, 70.00),
(511, 266, 21, 2, 85.00, 170.00),
(512, 266, 52, 2, 80.00, 160.00),
(513, 267, 68, 1, 65.00, 65.00),
(514, 267, 73, 1, 75.00, 75.00),
(515, 267, 90, 2, 55.00, 110.00),
(516, 268, 88, 2, 55.00, 110.00),
(517, 268, 84, 1, 55.00, 55.00),
(518, 269, 39, 2, 75.00, 150.00),
(519, 269, 78, 2, 75.00, 150.00),
(520, 270, 42, 1, 80.00, 80.00),
(521, 270, 40, 2, 65.00, 130.00),
(522, 271, 62, 2, 80.00, 160.00),
(523, 272, 64, 1, 65.00, 65.00),
(524, 272, 97, 2, 50.00, 100.00),
(525, 272, 64, 1, 65.00, 65.00),
(526, 273, 21, 1, 85.00, 85.00),
(527, 273, 2, 1, 45.00, 45.00),
(528, 274, 79, 2, 85.00, 170.00),
(529, 274, 77, 2, 85.00, 170.00),
(530, 275, 39, 2, 75.00, 150.00),
(531, 275, 63, 1, 80.00, 80.00),
(532, 276, 90, 2, 55.00, 110.00),
(533, 276, 27, 2, 60.00, 120.00),
(534, 276, 73, 2, 75.00, 150.00),
(535, 277, 19, 1, 70.00, 70.00),
(536, 277, 84, 2, 55.00, 110.00),
(537, 278, 37, 2, 75.00, 150.00),
(538, 278, 52, 2, 80.00, 160.00),
(539, 279, 43, 1, 80.00, 80.00),
(540, 280, 49, 2, 80.00, 160.00),
(541, 281, 44, 1, 80.00, 80.00),
(542, 281, 74, 1, 75.00, 75.00),
(543, 281, 90, 2, 55.00, 110.00),
(544, 282, 42, 1, 80.00, 80.00),
(545, 283, 81, 1, 85.00, 85.00),
(546, 284, 83, 1, 85.00, 85.00),
(547, 285, 70, 2, 65.00, 130.00),
(548, 286, 53, 2, 80.00, 160.00),
(549, 286, 27, 2, 60.00, 120.00),
(550, 287, 21, 2, 85.00, 170.00),
(551, 288, 43, 2, 80.00, 160.00),
(552, 288, 47, 1, 80.00, 80.00),
(553, 289, 65, 2, 75.00, 150.00),
(554, 290, 59, 2, 80.00, 160.00),
(555, 290, 53, 1, 80.00, 80.00),
(556, 291, 56, 1, 80.00, 80.00),
(557, 291, 81, 2, 85.00, 170.00),
(558, 291, 24, 1, 90.00, 90.00),
(559, 292, 49, 1, 80.00, 80.00),
(560, 293, 5, 1, 45.00, 45.00),
(561, 293, 6, 2, 70.00, 140.00),
(562, 293, 58, 2, 80.00, 160.00),
(563, 294, 80, 2, 75.00, 150.00),
(564, 295, 37, 2, 75.00, 150.00),
(565, 296, 58, 2, 80.00, 160.00),
(566, 296, 96, 1, 120.00, 120.00),
(567, 296, 28, 1, 70.00, 70.00),
(568, 297, 82, 1, 75.00, 75.00),
(569, 298, 87, 1, 65.00, 65.00),
(570, 298, 77, 2, 85.00, 170.00),
(571, 298, 3, 1, 60.00, 60.00),
(572, 299, 25, 1, 90.00, 90.00),
(573, 299, 7, 2, 85.00, 170.00),
(574, 300, 44, 1, 80.00, 80.00),
(575, 300, 15, 2, 75.00, 150.00),
(576, 301, 27, 1, 60.00, 60.00),
(577, 302, 97, 2, 50.00, 100.00),
(578, 302, 43, 1, 80.00, 80.00),
(579, 302, 51, 1, 80.00, 80.00),
(580, 303, 50, 2, 80.00, 160.00),
(581, 303, 85, 1, 65.00, 65.00),
(582, 304, 41, 2, 75.00, 150.00),
(583, 304, 65, 1, 75.00, 75.00),
(584, 305, 44, 2, 80.00, 160.00),
(585, 305, 66, 2, 65.00, 130.00),
(586, 306, 59, 2, 80.00, 160.00),
(587, 306, 23, 2, 85.00, 170.00),
(588, 307, 39, 2, 75.00, 150.00),
(589, 307, 2, 1, 45.00, 45.00),
(590, 308, 56, 2, 80.00, 160.00),
(591, 309, 34, 1, 60.00, 60.00),
(592, 310, 7, 1, 85.00, 85.00),
(593, 310, 32, 1, 60.00, 60.00),
(594, 310, 66, 2, 65.00, 130.00),
(595, 311, 35, 1, 70.00, 70.00),
(596, 312, 24, 1, 90.00, 90.00),
(597, 312, 44, 2, 80.00, 160.00),
(598, 312, 1, 1, 40.00, 40.00),
(599, 313, 8, 2, 80.00, 160.00),
(600, 314, 66, 1, 65.00, 65.00),
(601, 314, 61, 2, 80.00, 160.00),
(602, 315, 79, 2, 85.00, 170.00),
(603, 315, 24, 1, 90.00, 90.00),
(604, 315, 8, 2, 80.00, 160.00),
(605, 316, 51, 2, 80.00, 160.00),
(606, 316, 91, 1, 65.00, 65.00),
(607, 316, 80, 1, 75.00, 75.00),
(608, 317, 4, 2, 65.00, 130.00),
(609, 317, 84, 1, 55.00, 55.00),
(610, 318, 28, 1, 70.00, 70.00),
(611, 319, 80, 1, 75.00, 75.00),
(612, 320, 35, 2, 70.00, 140.00),
(613, 320, 36, 1, 75.00, 75.00),
(614, 321, 42, 1, 80.00, 80.00),
(615, 322, 73, 1, 75.00, 75.00),
(616, 322, 52, 1, 80.00, 80.00),
(617, 323, 74, 1, 75.00, 75.00),
(618, 324, 9, 1, 60.00, 60.00),
(619, 324, 77, 2, 85.00, 170.00),
(620, 325, 77, 2, 85.00, 170.00),
(621, 326, 52, 1, 80.00, 80.00),
(622, 326, 58, 1, 80.00, 80.00),
(623, 327, 71, 2, 75.00, 150.00),
(624, 327, 1, 2, 40.00, 80.00),
(625, 328, 91, 2, 65.00, 130.00),
(626, 328, 21, 1, 85.00, 85.00),
(627, 329, 77, 1, 85.00, 85.00),
(628, 329, 82, 2, 75.00, 150.00),
(629, 330, 58, 1, 80.00, 80.00),
(630, 331, 49, 2, 80.00, 160.00),
(631, 332, 1, 2, 40.00, 80.00),
(632, 332, 78, 2, 75.00, 150.00),
(633, 333, 47, 1, 80.00, 80.00),
(634, 334, 57, 1, 80.00, 80.00),
(635, 334, 33, 2, 70.00, 140.00),
(636, 335, 81, 2, 85.00, 170.00),
(637, 336, 35, 1, 70.00, 70.00),
(638, 336, 15, 1, 75.00, 75.00),
(639, 337, 45, 1, 80.00, 80.00),
(640, 337, 53, 2, 80.00, 160.00),
(641, 337, 5, 1, 45.00, 45.00),
(642, 338, 70, 1, 65.00, 65.00),
(643, 338, 87, 2, 65.00, 130.00),
(644, 339, 56, 1, 80.00, 80.00),
(645, 339, 80, 1, 75.00, 75.00),
(646, 340, 42, 1, 80.00, 80.00),
(647, 340, 25, 2, 90.00, 180.00),
(648, 340, 5, 1, 45.00, 45.00),
(649, 341, 81, 1, 85.00, 85.00),
(650, 342, 40, 2, 65.00, 130.00),
(651, 342, 4, 1, 65.00, 65.00),
(652, 343, 83, 1, 85.00, 85.00),
(653, 344, 24, 2, 90.00, 180.00),
(654, 344, 60, 2, 80.00, 160.00);

-- --------------------------------------------------------

--
-- Table structure for table `sales`
--

CREATE TABLE `sales` (
  `SaleID` int NOT NULL,
  `SaleDate` timestamp NULL DEFAULT CURRENT_TIMESTAMP,
  `TotalAmount` decimal(10,2) NOT NULL,
  `PaymentMethod` varchar(50) NOT NULL DEFAULT 'Cash'
) ENGINE=InnoDB DEFAULT CHARSET=utf8mb4 COLLATE=utf8mb4_0900_ai_ci;

--
-- Dumping data for table `sales`
--

INSERT INTO `sales` (`SaleID`, `SaleDate`, `TotalAmount`, `PaymentMethod`) VALUES
(54, '2025-10-30 09:01:21', 320.00, 'Cash'),
(55, '2025-10-30 04:28:13', 130.00, 'G-Cash'),
(56, '2025-10-30 03:07:18', 350.00, 'Cash'),
(57, '2025-10-31 08:55:44', 290.00, 'Cash'),
(58, '2025-10-31 06:49:23', 130.00, 'Cash'),
(59, '2025-10-31 05:15:53', 90.00, 'G-Cash'),
(60, '2025-10-31 05:25:07', 175.00, 'Cash'),
(61, '2025-10-31 02:49:27', 240.00, 'G-Cash'),
(62, '2025-11-01 06:03:44', 245.00, 'Cash'),
(63, '2025-11-01 07:55:14', 160.00, 'G-Cash'),
(64, '2025-11-01 00:06:48', 390.00, 'G-Cash'),
(65, '2025-11-01 02:21:15', 240.00, 'G-Cash'),
(66, '2025-11-01 01:13:51', 315.00, 'Cash'),
(67, '2025-11-02 00:19:37', 380.00, 'Cash'),
(68, '2025-11-02 09:26:11', 235.00, 'Cash'),
(69, '2025-11-02 10:23:41', 375.00, 'Cash'),
(70, '2025-11-03 10:29:33', 285.00, 'Cash'),
(71, '2025-11-03 00:20:05', 140.00, 'Cash'),
(72, '2025-11-03 05:06:13', 250.00, 'Cash'),
(73, '2025-11-03 08:02:46', 325.00, 'Cash'),
(74, '2025-11-03 09:06:39', 170.00, 'Cash'),
(75, '2025-11-04 08:58:48', 230.00, 'Cash'),
(76, '2025-11-04 03:18:40', 260.00, 'G-Cash'),
(77, '2025-11-04 01:00:32', 160.00, 'G-Cash'),
(78, '2025-11-04 00:56:57', 130.00, 'Cash'),
(79, '2025-11-04 03:14:02', 210.00, 'Cash'),
(80, '2025-11-04 05:45:16', 135.00, 'Cash'),
(81, '2025-11-05 01:57:14', 195.00, 'G-Cash'),
(82, '2025-11-05 04:45:35', 160.00, 'Cash'),
(83, '2025-11-05 00:33:56', 220.00, 'Cash'),
(84, '2025-11-05 09:56:59', 375.00, 'G-Cash'),
(85, '2025-11-05 06:06:54', 315.00, 'Cash'),
(86, '2025-11-06 04:50:03', 250.00, 'Cash'),
(87, '2025-11-06 08:39:42', 160.00, 'Cash'),
(88, '2025-11-06 09:38:45', 335.00, 'Cash'),
(89, '2025-11-07 07:52:34', 160.00, 'G-Cash'),
(90, '2025-11-07 06:40:49', 235.00, 'G-Cash'),
(91, '2025-11-07 09:26:49', 235.00, 'Cash'),
(92, '2025-11-07 05:29:12', 345.00, 'Cash'),
(93, '2025-11-08 10:41:03', 80.00, 'Cash'),
(94, '2025-11-08 11:25:57', 375.00, 'Cash'),
(95, '2025-11-08 06:47:33', 205.00, 'G-Cash'),
(96, '2025-11-08 02:27:40', 130.00, 'Cash'),
(97, '2025-11-09 06:40:01', 170.00, 'G-Cash'),
(98, '2025-11-09 05:06:24', 345.00, 'G-Cash'),
(99, '2025-11-09 01:48:49', 300.00, 'Cash'),
(100, '2025-11-09 08:35:16', 315.00, 'Cash'),
(101, '2025-11-10 03:44:40', 205.00, 'Cash'),
(102, '2025-11-10 03:46:35', 300.00, 'Cash'),
(103, '2025-11-10 05:16:30', 310.00, 'Cash'),
(104, '2025-11-11 11:40:43', 300.00, 'G-Cash'),
(105, '2025-11-11 06:54:59', 290.00, 'Cash'),
(106, '2025-11-11 09:15:20', 290.00, 'G-Cash'),
(107, '2025-11-11 04:05:42', 150.00, 'Cash'),
(108, '2025-11-11 05:02:33', 80.00, 'Cash'),
(109, '2025-11-11 07:08:22', 250.00, 'Cash'),
(110, '2025-11-12 07:56:25', 85.00, 'Cash'),
(111, '2025-11-12 05:36:53', 230.00, 'Cash'),
(112, '2025-11-12 11:57:26', 80.00, 'Cash'),
(113, '2025-11-12 10:02:41', 210.00, 'G-Cash'),
(114, '2025-11-12 06:35:41', 400.00, 'Cash'),
(115, '2025-11-12 06:02:32', 160.00, 'Cash'),
(116, '2025-11-12 10:12:36', 160.00, 'Cash'),
(117, '2025-11-13 01:16:15', 275.00, 'Cash'),
(118, '2025-11-13 07:32:45', 235.00, 'G-Cash'),
(119, '2025-11-13 00:45:44', 80.00, 'G-Cash'),
(120, '2025-11-13 06:54:52', 130.00, 'Cash'),
(121, '2025-11-13 09:02:45', 250.00, 'Cash'),
(122, '2025-11-14 09:17:18', 130.00, 'Cash'),
(123, '2025-11-14 09:54:01', 365.00, 'G-Cash'),
(124, '2025-11-14 01:40:27', 170.00, 'Cash'),
(125, '2025-11-14 00:19:45', 205.00, 'Cash'),
(126, '2025-11-15 08:18:19', 80.00, 'G-Cash'),
(127, '2025-11-15 10:55:45', 315.00, 'Cash'),
(128, '2025-11-15 09:30:58', 305.00, 'Cash'),
(129, '2025-11-15 11:20:31', 130.00, 'Cash'),
(130, '2025-11-15 01:17:22', 260.00, 'G-Cash'),
(131, '2025-11-16 07:47:00', 270.00, 'G-Cash'),
(132, '2025-11-16 07:51:34', 290.00, 'G-Cash'),
(133, '2025-11-16 11:03:42', 395.00, 'Cash'),
(134, '2025-11-17 02:51:14', 305.00, 'G-Cash'),
(135, '2025-11-17 02:16:49', 165.00, 'G-Cash'),
(136, '2025-11-17 01:04:37', 55.00, 'Cash'),
(137, '2025-11-17 10:28:39', 440.00, 'Cash'),
(138, '2025-11-17 00:17:51', 255.00, 'Cash'),
(139, '2025-11-18 10:20:57', 290.00, 'G-Cash'),
(140, '2025-11-18 11:06:45', 375.00, 'Cash'),
(141, '2025-11-18 08:40:31', 110.00, 'Cash'),
(142, '2025-11-18 05:29:11', 400.00, 'Cash'),
(143, '2025-11-19 04:58:19', 80.00, 'G-Cash'),
(144, '2025-11-19 04:07:10', 65.00, 'Cash'),
(145, '2025-11-19 01:11:48', 300.00, 'G-Cash'),
(146, '2025-11-19 08:29:52', 230.00, 'Cash'),
(147, '2025-11-19 03:58:52', 270.00, 'Cash'),
(148, '2025-11-19 01:15:29', 285.00, 'Cash'),
(149, '2025-11-20 00:22:40', 205.00, 'Cash'),
(150, '2025-11-20 10:19:09', 215.00, 'Cash'),
(151, '2025-11-20 07:40:03', 250.00, 'Cash'),
(152, '2025-11-20 06:00:58', 395.00, 'Cash'),
(153, '2025-11-21 04:08:33', 430.00, 'Cash'),
(154, '2025-11-21 02:22:16', 395.00, 'Cash'),
(155, '2025-11-21 00:00:10', 155.00, 'Cash'),
(156, '2025-11-21 05:25:06', 150.00, 'Cash'),
(157, '2025-11-21 02:12:34', 250.00, 'G-Cash'),
(158, '2025-11-22 01:58:24', 335.00, 'G-Cash'),
(159, '2025-11-22 11:19:49', 315.00, 'Cash'),
(160, '2025-11-22 09:13:10', 370.00, 'Cash'),
(161, '2025-11-22 05:07:12', 235.00, 'Cash'),
(162, '2025-11-23 02:12:33', 75.00, 'Cash'),
(163, '2025-11-23 00:45:56', 80.00, 'Cash'),
(164, '2025-11-23 02:46:17', 80.00, 'Cash'),
(165, '2025-11-23 05:15:31', 360.00, 'G-Cash'),
(166, '2025-11-23 07:47:16', 190.00, 'Cash'),
(167, '2025-11-24 03:18:43', 145.00, 'G-Cash'),
(168, '2025-11-24 08:58:50', 300.00, 'Cash'),
(169, '2025-11-24 02:01:54', 75.00, 'Cash'),
(170, '2025-11-24 01:28:32', 360.00, 'G-Cash'),
(171, '2025-11-24 10:57:54', 360.00, 'Cash'),
(172, '2025-11-25 03:27:38', 405.00, 'Cash'),
(173, '2025-11-25 09:03:50', 75.00, 'Cash'),
(174, '2025-11-25 08:12:03', 75.00, 'Cash'),
(175, '2025-11-25 02:25:21', 180.00, 'Cash'),
(176, '2025-11-26 06:51:20', 380.00, 'Cash'),
(177, '2025-11-26 11:29:44', 210.00, 'Cash'),
(178, '2025-11-26 01:26:32', 315.00, 'Cash'),
(179, '2025-11-26 06:55:42', 310.00, 'G-Cash'),
(180, '2025-11-27 11:14:31', 320.00, 'Cash'),
(181, '2025-11-27 00:03:40', 460.00, 'Cash'),
(182, '2025-11-27 07:04:08', 275.00, 'Cash'),
(183, '2025-11-28 03:46:04', 205.00, 'Cash'),
(184, '2025-11-28 07:43:52', 165.00, 'Cash'),
(185, '2025-11-28 11:08:55', 345.00, 'Cash'),
(186, '2025-11-28 08:15:06', 250.00, 'G-Cash'),
(187, '2025-11-29 09:12:15', 45.00, 'Cash'),
(188, '2025-11-29 03:21:43', 430.00, 'G-Cash'),
(189, '2025-11-29 08:34:36', 130.00, 'G-Cash'),
(190, '2025-11-29 00:27:16', 385.00, 'Cash'),
(191, '2025-11-29 05:24:56', 150.00, 'Cash'),
(192, '2025-11-28 09:22:27', 370.00, 'Cash'),
(193, '2025-11-28 09:26:45', 185.00, 'Cash'),
(194, '2025-11-29 06:33:30', 120.00, 'Cash'),
(195, '2025-11-29 06:33:43', 45.00, 'Cash'),
(196, '2025-11-29 06:53:22', 120.00, 'Cash'),
(197, '2025-10-01 09:51:49', 155.00, 'G-Cash'),
(198, '2025-10-01 07:48:28', 440.00, 'Cash'),
(199, '2025-10-01 07:32:14', 140.00, 'Cash'),
(200, '2025-10-01 07:09:25', 160.00, 'Cash'),
(201, '2025-10-01 10:18:06', 365.00, 'Cash'),
(202, '2025-10-02 09:17:29', 340.00, 'G-Cash'),
(203, '2025-10-02 08:11:22', 80.00, 'Cash'),
(204, '2025-10-02 09:13:53', 265.00, 'G-Cash'),
(205, '2025-10-02 08:23:11', 205.00, 'Cash'),
(206, '2025-10-02 01:00:14', 375.00, 'Cash'),
(207, '2025-10-03 05:52:59', 40.00, 'G-Cash'),
(208, '2025-10-03 06:44:25', 220.00, 'G-Cash'),
(209, '2025-10-03 06:06:16', 160.00, 'Cash'),
(210, '2025-10-03 00:55:48', 210.00, 'Cash'),
(211, '2025-10-03 08:44:11', 75.00, 'G-Cash'),
(212, '2025-10-03 09:16:08', 310.00, 'Cash'),
(213, '2025-10-04 10:49:25', 135.00, 'Cash'),
(214, '2025-10-04 09:33:41', 160.00, 'Cash'),
(215, '2025-10-04 06:00:40', 150.00, 'Cash'),
(216, '2025-10-04 02:23:36', 210.00, 'Cash'),
(217, '2025-10-04 08:42:41', 60.00, 'G-Cash'),
(218, '2025-10-04 11:50:37', 80.00, 'G-Cash'),
(219, '2025-10-04 06:54:18', 300.00, 'Cash'),
(220, '2025-10-05 05:09:25', 250.00, 'Cash'),
(221, '2025-10-05 05:51:40', 300.00, 'Cash'),
(222, '2025-10-05 04:12:50', 140.00, 'Cash'),
(223, '2025-10-05 07:43:47', 340.00, 'G-Cash'),
(224, '2025-10-06 07:34:04', 210.00, 'G-Cash'),
(225, '2025-10-06 05:09:50', 320.00, 'Cash'),
(226, '2025-10-06 00:05:34', 300.00, 'Cash'),
(227, '2025-10-07 01:34:38', 160.00, 'G-Cash'),
(228, '2025-10-07 02:03:29', 80.00, 'Cash'),
(229, '2025-10-07 02:57:33', 165.00, 'Cash'),
(230, '2025-10-07 02:36:56', 80.00, 'G-Cash'),
(231, '2025-10-07 07:12:11', 470.00, 'G-Cash'),
(232, '2025-10-08 06:52:54', 290.00, 'G-Cash'),
(233, '2025-10-08 01:37:59', 230.00, 'G-Cash'),
(234, '2025-10-08 09:30:14', 285.00, 'Cash'),
(235, '2025-10-08 11:45:16', 65.00, 'Cash'),
(236, '2025-10-08 05:36:34', 170.00, 'G-Cash'),
(237, '2025-10-09 06:52:38', 255.00, 'Cash'),
(238, '2025-10-09 10:00:03', 290.00, 'G-Cash'),
(239, '2025-10-09 11:15:52', 130.00, 'Cash'),
(240, '2025-10-09 08:00:48', 130.00, 'G-Cash'),
(241, '2025-10-09 07:54:49', 240.00, 'Cash'),
(242, '2025-10-10 02:05:20', 100.00, 'Cash'),
(243, '2025-10-10 09:08:02', 80.00, 'Cash'),
(244, '2025-10-10 10:02:21', 205.00, 'Cash'),
(245, '2025-10-10 01:53:09', 135.00, 'Cash'),
(246, '2025-10-10 01:18:48', 230.00, 'Cash'),
(247, '2025-10-10 05:19:51', 160.00, 'Cash'),
(248, '2025-10-10 02:27:05', 225.00, 'Cash'),
(249, '2025-10-11 09:42:09', 415.00, 'Cash'),
(250, '2025-10-11 11:54:01', 160.00, 'Cash'),
(251, '2025-10-11 09:38:31', 390.00, 'G-Cash'),
(252, '2025-10-12 10:41:50', 315.00, 'G-Cash'),
(253, '2025-10-12 04:42:08', 235.00, 'Cash'),
(254, '2025-10-12 06:00:25', 310.00, 'Cash'),
(255, '2025-10-13 10:57:46', 220.00, 'G-Cash'),
(256, '2025-10-13 05:12:15', 255.00, 'G-Cash'),
(257, '2025-10-13 05:04:16', 380.00, 'Cash'),
(258, '2025-10-14 10:59:07', 280.00, 'Cash'),
(259, '2025-10-14 09:08:58', 140.00, 'G-Cash'),
(260, '2025-10-14 05:39:48', 65.00, 'Cash'),
(261, '2025-10-14 03:11:24', 345.00, 'Cash'),
(262, '2025-10-14 05:06:00', 300.00, 'Cash'),
(263, '2025-10-15 08:50:50', 235.00, 'Cash'),
(264, '2025-10-15 05:43:02', 250.00, 'Cash'),
(265, '2025-10-15 06:23:35', 235.00, 'G-Cash'),
(266, '2025-10-15 11:18:03', 400.00, 'Cash'),
(267, '2025-10-16 04:01:46', 250.00, 'Cash'),
(268, '2025-10-16 04:45:00', 165.00, 'G-Cash'),
(269, '2025-10-16 10:21:00', 300.00, 'G-Cash'),
(270, '2025-10-16 00:45:34', 210.00, 'Cash'),
(271, '2025-10-17 09:23:11', 160.00, 'Cash'),
(272, '2025-10-17 02:19:09', 230.00, 'G-Cash'),
(273, '2025-10-17 02:17:13', 130.00, 'Cash'),
(274, '2025-10-17 06:33:09', 340.00, 'Cash'),
(275, '2025-10-17 06:35:18', 230.00, 'Cash'),
(276, '2025-10-18 01:32:27', 380.00, 'Cash'),
(277, '2025-10-18 01:00:09', 180.00, 'Cash'),
(278, '2025-10-18 09:48:33', 310.00, 'Cash'),
(279, '2025-10-19 02:32:36', 80.00, 'Cash'),
(280, '2025-10-19 01:48:19', 160.00, 'Cash'),
(281, '2025-10-19 04:10:51', 265.00, 'Cash'),
(282, '2025-10-19 11:53:10', 80.00, 'Cash'),
(283, '2025-10-19 02:35:07', 85.00, 'Cash'),
(284, '2025-10-19 00:22:59', 85.00, 'Cash'),
(285, '2025-10-20 08:25:59', 130.00, 'G-Cash'),
(286, '2025-10-20 02:31:20', 280.00, 'Cash'),
(287, '2025-10-20 08:58:42', 170.00, 'G-Cash'),
(288, '2025-10-20 03:46:02', 240.00, 'Cash'),
(289, '2025-10-20 10:20:53', 150.00, 'Cash'),
(290, '2025-10-21 07:11:47', 240.00, 'G-Cash'),
(291, '2025-10-21 10:23:17', 340.00, 'Cash'),
(292, '2025-10-21 11:36:55', 80.00, 'Cash'),
(293, '2025-10-21 06:35:35', 345.00, 'Cash'),
(294, '2025-10-22 05:24:06', 150.00, 'Cash'),
(295, '2025-10-22 05:21:43', 150.00, 'Cash'),
(296, '2025-10-22 11:19:08', 350.00, 'G-Cash'),
(297, '2025-10-22 05:11:00', 75.00, 'Cash'),
(298, '2025-10-22 07:06:24', 295.00, 'Cash'),
(299, '2025-10-23 10:26:45', 260.00, 'Cash'),
(300, '2025-10-23 06:54:05', 230.00, 'G-Cash'),
(301, '2025-10-23 02:09:45', 60.00, 'G-Cash'),
(302, '2025-10-23 04:00:06', 260.00, 'Cash'),
(303, '2025-10-23 05:37:11', 225.00, 'Cash'),
(304, '2025-10-24 10:58:02', 225.00, 'G-Cash'),
(305, '2025-10-24 02:12:53', 290.00, 'G-Cash'),
(306, '2025-10-24 05:30:25', 330.00, 'Cash'),
(307, '2025-10-24 09:30:37', 195.00, 'Cash'),
(308, '2025-10-25 07:55:39', 160.00, 'Cash'),
(309, '2025-10-25 10:58:41', 60.00, 'Cash'),
(310, '2025-10-25 06:44:15', 275.00, 'Cash'),
(311, '2025-10-25 01:51:30', 70.00, 'G-Cash'),
(312, '2025-10-25 02:08:13', 290.00, 'G-Cash'),
(313, '2025-10-26 00:42:24', 160.00, 'Cash'),
(314, '2025-10-26 02:02:48', 225.00, 'G-Cash'),
(315, '2025-10-26 08:04:49', 420.00, 'Cash'),
(316, '2025-10-27 05:16:30', 300.00, 'Cash'),
(317, '2025-10-27 00:31:22', 185.00, 'Cash'),
(318, '2025-10-27 04:25:01', 70.00, 'Cash'),
(319, '2025-10-27 07:15:22', 75.00, 'Cash'),
(320, '2025-10-27 05:05:04', 215.00, 'Cash'),
(321, '2025-10-27 03:35:08', 80.00, 'Cash'),
(322, '2025-10-28 04:01:45', 155.00, 'Cash'),
(323, '2025-10-28 02:43:59', 75.00, 'Cash'),
(324, '2025-10-28 01:58:01', 230.00, 'Cash'),
(325, '2025-10-28 07:28:36', 170.00, 'Cash'),
(326, '2025-10-28 11:30:45', 160.00, 'G-Cash'),
(327, '2025-10-28 01:24:07', 230.00, 'G-Cash'),
(328, '2025-10-29 06:27:55', 215.00, 'G-Cash'),
(329, '2025-10-29 09:01:14', 235.00, 'Cash'),
(330, '2025-10-29 09:50:17', 80.00, 'Cash'),
(331, '2025-10-29 02:48:55', 160.00, 'G-Cash'),
(332, '2025-10-29 01:58:37', 230.00, 'Cash'),
(333, '2025-10-29 06:21:27', 80.00, 'G-Cash'),
(334, '2025-10-30 11:45:32', 220.00, 'G-Cash'),
(335, '2025-10-30 02:54:15', 170.00, 'Cash'),
(336, '2025-10-30 03:17:34', 145.00, 'Cash'),
(337, '2025-10-30 06:38:57', 285.00, 'Cash'),
(338, '2025-10-30 05:42:32', 195.00, 'Cash'),
(339, '2025-10-31 03:17:13', 155.00, 'Cash'),
(340, '2025-10-31 09:06:07', 305.00, 'G-Cash'),
(341, '2025-10-31 01:10:47', 85.00, 'Cash'),
(342, '2025-10-31 09:33:55', 195.00, 'Cash'),
(343, '2025-10-31 00:51:05', 85.00, 'Cash'),
(344, '2025-10-31 09:08:54', 340.00, 'Cash');

-- --------------------------------------------------------

--
-- Table structure for table `suppliers`
--

CREATE TABLE `suppliers` (
  `SupplierID` int NOT NULL,
  `Name` varchar(255) NOT NULL,
  `ContactInfo` varchar(255) DEFAULT NULL,
  `CreatedAt` timestamp NULL DEFAULT CURRENT_TIMESTAMP
) ENGINE=InnoDB DEFAULT CHARSET=utf8mb4 COLLATE=utf8mb4_0900_ai_ci;

--
-- Dumping data for table `suppliers`
--

INSERT INTO `suppliers` (`SupplierID`, `Name`, `ContactInfo`, `CreatedAt`) VALUES
(1, 'Kanto Food Supplies', 'contact@kantofoods.com', '2025-11-20 14:50:03'),
(2, 'Manila Roasters Inc.', 'sales@manilaroasters.com', '2025-11-20 14:50:03'),
(3, 'Provincial Dairy Co-op', 'orders@provincialdairy.com', '2025-11-20 14:50:03'),
(4, 'Sweet Syrups Global', 'info@sweetsyrups.com', '2025-11-20 14:50:03');

--
-- Indexes for dumped tables
--

--
-- Indexes for table `appsettings`
--
ALTER TABLE `appsettings`
  ADD PRIMARY KEY (`Key`);

--
-- Indexes for table `categories`
--
ALTER TABLE `categories`
  ADD PRIMARY KEY (`CategoryID`),
  ADD UNIQUE KEY `Name` (`Name`);

--
-- Indexes for table `ingredients`
--
ALTER TABLE `ingredients`
  ADD PRIMARY KEY (`IngredientID`),
  ADD KEY `SupplierID` (`SupplierID`),
  ADD KEY `CategoryID` (`CategoryID`);

--
-- Indexes for table `ingredients_backup_selected`
--
ALTER TABLE `ingredients_backup_selected`
  ADD PRIMARY KEY (`IngredientID`),
  ADD KEY `SupplierID` (`SupplierID`),
  ADD KEY `CategoryID` (`CategoryID`);

--
-- Indexes for table `productingredients`
--
ALTER TABLE `productingredients`
  ADD PRIMARY KEY (`ProductIngredientID`),
  ADD KEY `ProductID` (`ProductID`),
  ADD KEY `IngredientID` (`IngredientID`);

--
-- Indexes for table `products`
--
ALTER TABLE `products`
  ADD PRIMARY KEY (`ProductID`),
  ADD KEY `CategoryID` (`CategoryID`);

--
-- Indexes for table `saledetails`
--
ALTER TABLE `saledetails`
  ADD PRIMARY KEY (`SaleDetailID`),
  ADD KEY `SaleID` (`SaleID`),
  ADD KEY `ProductID` (`ProductID`);

--
-- Indexes for table `sales`
--
ALTER TABLE `sales`
  ADD PRIMARY KEY (`SaleID`);

--
-- Indexes for table `suppliers`
--
ALTER TABLE `suppliers`
  ADD PRIMARY KEY (`SupplierID`);

--
-- AUTO_INCREMENT for dumped tables
--

--
-- AUTO_INCREMENT for table `categories`
--
ALTER TABLE `categories`
  MODIFY `CategoryID` int NOT NULL AUTO_INCREMENT, AUTO_INCREMENT=29;

--
-- AUTO_INCREMENT for table `ingredients`
--
ALTER TABLE `ingredients`
  MODIFY `IngredientID` int NOT NULL AUTO_INCREMENT, AUTO_INCREMENT=115;

--
-- AUTO_INCREMENT for table `ingredients_backup_selected`
--
ALTER TABLE `ingredients_backup_selected`
  MODIFY `IngredientID` int NOT NULL AUTO_INCREMENT, AUTO_INCREMENT=113;

--
-- AUTO_INCREMENT for table `productingredients`
--
ALTER TABLE `productingredients`
  MODIFY `ProductIngredientID` int NOT NULL AUTO_INCREMENT, AUTO_INCREMENT=863;

--
-- AUTO_INCREMENT for table `products`
--
ALTER TABLE `products`
  MODIFY `ProductID` int NOT NULL AUTO_INCREMENT, AUTO_INCREMENT=98;

--
-- AUTO_INCREMENT for table `saledetails`
--
ALTER TABLE `saledetails`
  MODIFY `SaleDetailID` int NOT NULL AUTO_INCREMENT, AUTO_INCREMENT=655;

--
-- AUTO_INCREMENT for table `sales`
--
ALTER TABLE `sales`
  MODIFY `SaleID` int NOT NULL AUTO_INCREMENT, AUTO_INCREMENT=345;

--
-- AUTO_INCREMENT for table `suppliers`
--
ALTER TABLE `suppliers`
  MODIFY `SupplierID` int NOT NULL AUTO_INCREMENT, AUTO_INCREMENT=5;

--
-- Constraints for dumped tables
--

--
-- Constraints for table `ingredients`
--
ALTER TABLE `ingredients`
  ADD CONSTRAINT `ingredients_ibfk_1` FOREIGN KEY (`SupplierID`) REFERENCES `suppliers` (`SupplierID`),
  ADD CONSTRAINT `ingredients_ibfk_2` FOREIGN KEY (`CategoryID`) REFERENCES `categories` (`CategoryID`);

--
-- Constraints for table `productingredients`
--
ALTER TABLE `productingredients`
  ADD CONSTRAINT `productingredients_ibfk_1` FOREIGN KEY (`ProductID`) REFERENCES `products` (`ProductID`),
  ADD CONSTRAINT `productingredients_ibfk_2` FOREIGN KEY (`IngredientID`) REFERENCES `ingredients` (`IngredientID`);

--
-- Constraints for table `products`
--
ALTER TABLE `products`
  ADD CONSTRAINT `products_ibfk_1` FOREIGN KEY (`CategoryID`) REFERENCES `categories` (`CategoryID`);

--
-- Constraints for table `saledetails`
--
ALTER TABLE `saledetails`
  ADD CONSTRAINT `saledetails_ibfk_1` FOREIGN KEY (`SaleID`) REFERENCES `sales` (`SaleID`),
  ADD CONSTRAINT `saledetails_ibfk_2` FOREIGN KEY (`ProductID`) REFERENCES `products` (`ProductID`);
COMMIT;

/*!40101 SET CHARACTER_SET_CLIENT=@OLD_CHARACTER_SET_CLIENT */;
/*!40101 SET CHARACTER_SET_RESULTS=@OLD_CHARACTER_SET_RESULTS */;
/*!40101 SET COLLATION_CONNECTION=@OLD_COLLATION_CONNECTION */;
